sample_id,sample_name,target_gene,pcr_primers,for_primer_seq,rev_primer_seq,fcid,read_dir
LM2TV_GM00001,GM00001,COI;COI;COI,fwhF2T1_fwhR2nT1;fwhF2T2_fwhR2nT2;fwhF2T3_fwhR2nT3,AGAAGGDACWGGWTGAACWGTWTAYCCHCC;TGTGGDACWGGWTGAACWGTWTAYCCHCC;GAGGDACWGGWTGAACWGTWTAYCCHCC,ACGTRATWGCHCCDGCTARWACWGG;TCCGTRATWGCHCCDGCTARWACWGG;CTGCGTRATWGCHCCDGCTARWACWGG,LM2TV,/group/pathogens/IAWS/Projects/NGDSI/Horsham/freyr_testing/data
LM2TV_GM00002,GM00002,COI;COI;COI,fwhF2T1_fwhR2nT1;fwhF2T2_fwhR2nT2;fwhF2T3_fwhR2nT3,AGAAGGDACWGGWTGAACWGTWTAYCCHCC;TGTGGDACWGGWTGAACWGTWTAYCCHCC;GAGGDACWGGWTGAACWGTWTAYCCHCC,ACGTRATWGCHCCDGCTARWACWGG;TCCGTRATWGCHCCDGCTARWACWGG;CTGCGTRATWGCHCCDGCTARWACWGG,LM2TV,/group/pathogens/IAWS/Projects/NGDSI/Horsham/freyr_testing/data
LM2TV_GM00003,GM00003,COI;COI;COI,fwhF2T1_fwhR2nT1;fwhF2T2_fwhR2nT2;fwhF2T3_fwhR2nT3,AGAAGGDACWGGWTGAACWGTWTAYCCHCC;TGTGGDACWGGWTGAACWGTWTAYCCHCC;GAGGDACWGGWTGAACWGTWTAYCCHCC,ACGTRATWGCHCCDGCTARWACWGG;TCCGTRATWGCHCCDGCTARWACWGG;CTGCGTRATWGCHCCDGCTARWACWGG,LM2TV,/group/pathogens/IAWS/Projects/NGDSI/Horsham/freyr_testing/data
LM2TV_GM00004,GM00004,COI;COI;COI,fwhF2T1_fwhR2nT1;fwhF2T2_fwhR2nT2;fwhF2T3_fwhR2nT3,AGAAGGDACWGGWTGAACWGTWTAYCCHCC;TGTGGDACWGGWTGAACWGTWTAYCCHCC;GAGGDACWGGWTGAACWGTWTAYCCHCC,ACGTRATWGCHCCDGCTARWACWGG;TCCGTRATWGCHCCDGCTARWACWGG;CTGCGTRATWGCHCCDGCTARWACWGG,LM2TV,/group/pathogens/IAWS/Projects/NGDSI/Horsham/freyr_testing/data
LM2TV_GM00005,GM00005,COI;COI;COI,fwhF2T1_fwhR2nT1;fwhF2T2_fwhR2nT2;fwhF2T3_fwhR2nT3,AGAAGGDACWGGWTGAACWGTWTAYCCHCC;TGTGGDACWGGWTGAACWGTWTAYCCHCC;GAGGDACWGGWTGAACWGTWTAYCCHCC,ACGTRATWGCHCCDGCTARWACWGG;TCCGTRATWGCHCCDGCTARWACWGG;CTGCGTRATWGCHCCDGCTARWACWGG,LM2TV,/group/pathogens/IAWS/Projects/NGDSI/Horsham/freyr_testing/data
LM2TV_GM00006,GM00006,COI;COI;COI,fwhF2T1_fwhR2nT1;fwhF2T2_fwhR2nT2;fwhF2T3_fwhR2nT3,AGAAGGDACWGGWTGAACWGTWTAYCCHCC;TGTGGDACWGGWTGAACWGTWTAYCCHCC;GAGGDACWGGWTGAACWGTWTAYCCHCC,ACGTRATWGCHCCDGCTARWACWGG;TCCGTRATWGCHCCDGCTARWACWGG;CTGCGTRATWGCHCCDGCTARWACWGG,LM2TV,/group/pathogens/IAWS/Projects/NGDSI/Horsham/freyr_testing/data
LM2TV_GM00007,GM00007,COI;COI;COI,fwhF2T1_fwhR2nT1;fwhF2T2_fwhR2nT2;fwhF2T3_fwhR2nT3,AGAAGGDACWGGWTGAACWGTWTAYCCHCC;TGTGGDACWGGWTGAACWGTWTAYCCHCC;GAGGDACWGGWTGAACWGTWTAYCCHCC,ACGTRATWGCHCCDGCTARWACWGG;TCCGTRATWGCHCCDGCTARWACWGG;CTGCGTRATWGCHCCDGCTARWACWGG,LM2TV,/group/pathogens/IAWS/Projects/NGDSI/Horsham/freyr_testing/data
LM2TV_GM00008,GM00008,COI;COI;COI,fwhF2T1_fwhR2nT1;fwhF2T2_fwhR2nT2;fwhF2T3_fwhR2nT3,AGAAGGDACWGGWTGAACWGTWTAYCCHCC;TGTGGDACWGGWTGAACWGTWTAYCCHCC;GAGGDACWGGWTGAACWGTWTAYCCHCC,ACGTRATWGCHCCDGCTARWACWGG;TCCGTRATWGCHCCDGCTARWACWGG;CTGCGTRATWGCHCCDGCTARWACWGG,LM2TV,/group/pathogens/IAWS/Projects/NGDSI/Horsham/freyr_testing/data
LM2TV_GM00009,GM00009,COI;COI;COI,fwhF2T1_fwhR2nT1;fwhF2T2_fwhR2nT2;fwhF2T3_fwhR2nT3,AGAAGGDACWGGWTGAACWGTWTAYCCHCC;TGTGGDACWGGWTGAACWGTWTAYCCHCC;GAGGDACWGGWTGAACWGTWTAYCCHCC,ACGTRATWGCHCCDGCTARWACWGG;TCCGTRATWGCHCCDGCTARWACWGG;CTGCGTRATWGCHCCDGCTARWACWGG,LM2TV,/group/pathogens/IAWS/Projects/NGDSI/Horsham/freyr_testing/data
LM2TV_GM00010,GM00010,COI;COI;COI,fwhF2T1_fwhR2nT1;fwhF2T2_fwhR2nT2;fwhF2T3_fwhR2nT3,AGAAGGDACWGGWTGAACWGTWTAYCCHCC;TGTGGDACWGGWTGAACWGTWTAYCCHCC;GAGGDACWGGWTGAACWGTWTAYCCHCC,ACGTRATWGCHCCDGCTARWACWGG;TCCGTRATWGCHCCDGCTARWACWGG;CTGCGTRATWGCHCCDGCTARWACWGG,LM2TV,/group/pathogens/IAWS/Projects/NGDSI/Horsham/freyr_testing/data
LM2TV_GM00011,GM00011,COI;COI;COI,fwhF2T1_fwhR2nT1;fwhF2T2_fwhR2nT2;fwhF2T3_fwhR2nT3,AGAAGGDACWGGWTGAACWGTWTAYCCHCC;TGTGGDACWGGWTGAACWGTWTAYCCHCC;GAGGDACWGGWTGAACWGTWTAYCCHCC,ACGTRATWGCHCCDGCTARWACWGG;TCCGTRATWGCHCCDGCTARWACWGG;CTGCGTRATWGCHCCDGCTARWACWGG,LM2TV,/group/pathogens/IAWS/Projects/NGDSI/Horsham/freyr_testing/data
LM2TV_GM00012,GM00012,COI;COI;COI,fwhF2T1_fwhR2nT1;fwhF2T2_fwhR2nT2;fwhF2T3_fwhR2nT3,AGAAGGDACWGGWTGAACWGTWTAYCCHCC;TGTGGDACWGGWTGAACWGTWTAYCCHCC;GAGGDACWGGWTGAACWGTWTAYCCHCC,ACGTRATWGCHCCDGCTARWACWGG;TCCGTRATWGCHCCDGCTARWACWGG;CTGCGTRATWGCHCCDGCTARWACWGG,LM2TV,/group/pathogens/IAWS/Projects/NGDSI/Horsham/freyr_testing/data
LM2TV_GM00013,GM00013,COI;COI;COI,fwhF2T1_fwhR2nT1;fwhF2T2_fwhR2nT2;fwhF2T3_fwhR2nT3,AGAAGGDACWGGWTGAACWGTWTAYCCHCC;TGTGGDACWGGWTGAACWGTWTAYCCHCC;GAGGDACWGGWTGAACWGTWTAYCCHCC,ACGTRATWGCHCCDGCTARWACWGG;TCCGTRATWGCHCCDGCTARWACWGG;CTGCGTRATWGCHCCDGCTARWACWGG,LM2TV,/group/pathogens/IAWS/Projects/NGDSI/Horsham/freyr_testing/data
LM2TV_GM00014,GM00014,COI;COI;COI,fwhF2T1_fwhR2nT1;fwhF2T2_fwhR2nT2;fwhF2T3_fwhR2nT3,AGAAGGDACWGGWTGAACWGTWTAYCCHCC;TGTGGDACWGGWTGAACWGTWTAYCCHCC;GAGGDACWGGWTGAACWGTWTAYCCHCC,ACGTRATWGCHCCDGCTARWACWGG;TCCGTRATWGCHCCDGCTARWACWGG;CTGCGTRATWGCHCCDGCTARWACWGG,LM2TV,/group/pathogens/IAWS/Projects/NGDSI/Horsham/freyr_testing/data
LM2TV_GM00015,GM00015,COI;COI;COI,fwhF2T1_fwhR2nT1;fwhF2T2_fwhR2nT2;fwhF2T3_fwhR2nT3,AGAAGGDACWGGWTGAACWGTWTAYCCHCC;TGTGGDACWGGWTGAACWGTWTAYCCHCC;GAGGDACWGGWTGAACWGTWTAYCCHCC,ACGTRATWGCHCCDGCTARWACWGG;TCCGTRATWGCHCCDGCTARWACWGG;CTGCGTRATWGCHCCDGCTARWACWGG,LM2TV,/group/pathogens/IAWS/Projects/NGDSI/Horsham/freyr_testing/data
LM2TV_GM00016,GM00016,COI;COI;COI,fwhF2T1_fwhR2nT1;fwhF2T2_fwhR2nT2;fwhF2T3_fwhR2nT3,AGAAGGDACWGGWTGAACWGTWTAYCCHCC;TGTGGDACWGGWTGAACWGTWTAYCCHCC;GAGGDACWGGWTGAACWGTWTAYCCHCC,ACGTRATWGCHCCDGCTARWACWGG;TCCGTRATWGCHCCDGCTARWACWGG;CTGCGTRATWGCHCCDGCTARWACWGG,LM2TV,/group/pathogens/IAWS/Projects/NGDSI/Horsham/freyr_testing/data
LM2TV_GM00017,GM00017,COI;COI;COI,fwhF2T1_fwhR2nT1;fwhF2T2_fwhR2nT2;fwhF2T3_fwhR2nT3,AGAAGGDACWGGWTGAACWGTWTAYCCHCC;TGTGGDACWGGWTGAACWGTWTAYCCHCC;GAGGDACWGGWTGAACWGTWTAYCCHCC,ACGTRATWGCHCCDGCTARWACWGG;TCCGTRATWGCHCCDGCTARWACWGG;CTGCGTRATWGCHCCDGCTARWACWGG,LM2TV,/group/pathogens/IAWS/Projects/NGDSI/Horsham/freyr_testing/data
LM2TV_GM00018,GM00018,COI;COI;COI,fwhF2T1_fwhR2nT1;fwhF2T2_fwhR2nT2;fwhF2T3_fwhR2nT3,AGAAGGDACWGGWTGAACWGTWTAYCCHCC;TGTGGDACWGGWTGAACWGTWTAYCCHCC;GAGGDACWGGWTGAACWGTWTAYCCHCC,ACGTRATWGCHCCDGCTARWACWGG;TCCGTRATWGCHCCDGCTARWACWGG;CTGCGTRATWGCHCCDGCTARWACWGG,LM2TV,/group/pathogens/IAWS/Projects/NGDSI/Horsham/freyr_testing/data
LM2TV_GM00019,GM00019,COI;COI;COI,fwhF2T1_fwhR2nT1;fwhF2T2_fwhR2nT2;fwhF2T3_fwhR2nT3,AGAAGGDACWGGWTGAACWGTWTAYCCHCC;TGTGGDACWGGWTGAACWGTWTAYCCHCC;GAGGDACWGGWTGAACWGTWTAYCCHCC,ACGTRATWGCHCCDGCTARWACWGG;TCCGTRATWGCHCCDGCTARWACWGG;CTGCGTRATWGCHCCDGCTARWACWGG,LM2TV,/group/pathogens/IAWS/Projects/NGDSI/Horsham/freyr_testing/data
LM2TV_GM00020,GM00020,COI;COI;COI,fwhF2T1_fwhR2nT1;fwhF2T2_fwhR2nT2;fwhF2T3_fwhR2nT3,AGAAGGDACWGGWTGAACWGTWTAYCCHCC;TGTGGDACWGGWTGAACWGTWTAYCCHCC;GAGGDACWGGWTGAACWGTWTAYCCHCC,ACGTRATWGCHCCDGCTARWACWGG;TCCGTRATWGCHCCDGCTARWACWGG;CTGCGTRATWGCHCCDGCTARWACWGG,LM2TV,/group/pathogens/IAWS/Projects/NGDSI/Horsham/freyr_testing/data
LM2TV_GM00021,GM00021,COI;COI;COI,fwhF2T1_fwhR2nT1;fwhF2T2_fwhR2nT2;fwhF2T3_fwhR2nT3,AGAAGGDACWGGWTGAACWGTWTAYCCHCC;TGTGGDACWGGWTGAACWGTWTAYCCHCC;GAGGDACWGGWTGAACWGTWTAYCCHCC,ACGTRATWGCHCCDGCTARWACWGG;TCCGTRATWGCHCCDGCTARWACWGG;CTGCGTRATWGCHCCDGCTARWACWGG,LM2TV,/group/pathogens/IAWS/Projects/NGDSI/Horsham/freyr_testing/data
LM2TV_GM00022,GM00022,COI;COI;COI,fwhF2T1_fwhR2nT1;fwhF2T2_fwhR2nT2;fwhF2T3_fwhR2nT3,AGAAGGDACWGGWTGAACWGTWTAYCCHCC;TGTGGDACWGGWTGAACWGTWTAYCCHCC;GAGGDACWGGWTGAACWGTWTAYCCHCC,ACGTRATWGCHCCDGCTARWACWGG;TCCGTRATWGCHCCDGCTARWACWGG;CTGCGTRATWGCHCCDGCTARWACWGG,LM2TV,/group/pathogens/IAWS/Projects/NGDSI/Horsham/freyr_testing/data
LM2TV_GM00023,GM00023,COI;COI;COI,fwhF2T1_fwhR2nT1;fwhF2T2_fwhR2nT2;fwhF2T3_fwhR2nT3,AGAAGGDACWGGWTGAACWGTWTAYCCHCC;TGTGGDACWGGWTGAACWGTWTAYCCHCC;GAGGDACWGGWTGAACWGTWTAYCCHCC,ACGTRATWGCHCCDGCTARWACWGG;TCCGTRATWGCHCCDGCTARWACWGG;CTGCGTRATWGCHCCDGCTARWACWGG,LM2TV,/group/pathogens/IAWS/Projects/NGDSI/Horsham/freyr_testing/data
LM2TV_GM00024,GM00024,COI;COI;COI,fwhF2T1_fwhR2nT1;fwhF2T2_fwhR2nT2;fwhF2T3_fwhR2nT3,AGAAGGDACWGGWTGAACWGTWTAYCCHCC;TGTGGDACWGGWTGAACWGTWTAYCCHCC;GAGGDACWGGWTGAACWGTWTAYCCHCC,ACGTRATWGCHCCDGCTARWACWGG;TCCGTRATWGCHCCDGCTARWACWGG;CTGCGTRATWGCHCCDGCTARWACWGG,LM2TV,/group/pathogens/IAWS/Projects/NGDSI/Horsham/freyr_testing/data
LM2TV_GM00025,GM00025,COI;COI;COI,fwhF2T1_fwhR2nT1;fwhF2T2_fwhR2nT2;fwhF2T3_fwhR2nT3,AGAAGGDACWGGWTGAACWGTWTAYCCHCC;TGTGGDACWGGWTGAACWGTWTAYCCHCC;GAGGDACWGGWTGAACWGTWTAYCCHCC,ACGTRATWGCHCCDGCTARWACWGG;TCCGTRATWGCHCCDGCTARWACWGG;CTGCGTRATWGCHCCDGCTARWACWGG,LM2TV,/group/pathogens/IAWS/Projects/NGDSI/Horsham/freyr_testing/data
LM2TV_GM00026,GM00026,COI;COI;COI,fwhF2T1_fwhR2nT1;fwhF2T2_fwhR2nT2;fwhF2T3_fwhR2nT3,AGAAGGDACWGGWTGAACWGTWTAYCCHCC;TGTGGDACWGGWTGAACWGTWTAYCCHCC;GAGGDACWGGWTGAACWGTWTAYCCHCC,ACGTRATWGCHCCDGCTARWACWGG;TCCGTRATWGCHCCDGCTARWACWGG;CTGCGTRATWGCHCCDGCTARWACWGG,LM2TV,/group/pathogens/IAWS/Projects/NGDSI/Horsham/freyr_testing/data
LM2TV_GM00027,GM00027,COI;COI;COI,fwhF2T1_fwhR2nT1;fwhF2T2_fwhR2nT2;fwhF2T3_fwhR2nT3,AGAAGGDACWGGWTGAACWGTWTAYCCHCC;TGTGGDACWGGWTGAACWGTWTAYCCHCC;GAGGDACWGGWTGAACWGTWTAYCCHCC,ACGTRATWGCHCCDGCTARWACWGG;TCCGTRATWGCHCCDGCTARWACWGG;CTGCGTRATWGCHCCDGCTARWACWGG,LM2TV,/group/pathogens/IAWS/Projects/NGDSI/Horsham/freyr_testing/data
LM2TV_GM00028,GM00028,COI;COI;COI,fwhF2T1_fwhR2nT1;fwhF2T2_fwhR2nT2;fwhF2T3_fwhR2nT3,AGAAGGDACWGGWTGAACWGTWTAYCCHCC;TGTGGDACWGGWTGAACWGTWTAYCCHCC;GAGGDACWGGWTGAACWGTWTAYCCHCC,ACGTRATWGCHCCDGCTARWACWGG;TCCGTRATWGCHCCDGCTARWACWGG;CTGCGTRATWGCHCCDGCTARWACWGG,LM2TV,/group/pathogens/IAWS/Projects/NGDSI/Horsham/freyr_testing/data
LM2TV_GM00029,GM00029,COI;COI;COI,fwhF2T1_fwhR2nT1;fwhF2T2_fwhR2nT2;fwhF2T3_fwhR2nT3,AGAAGGDACWGGWTGAACWGTWTAYCCHCC;TGTGGDACWGGWTGAACWGTWTAYCCHCC;GAGGDACWGGWTGAACWGTWTAYCCHCC,ACGTRATWGCHCCDGCTARWACWGG;TCCGTRATWGCHCCDGCTARWACWGG;CTGCGTRATWGCHCCDGCTARWACWGG,LM2TV,/group/pathogens/IAWS/Projects/NGDSI/Horsham/freyr_testing/data
LM2TV_GM00030,GM00030,COI;COI;COI,fwhF2T1_fwhR2nT1;fwhF2T2_fwhR2nT2;fwhF2T3_fwhR2nT3,AGAAGGDACWGGWTGAACWGTWTAYCCHCC;TGTGGDACWGGWTGAACWGTWTAYCCHCC;GAGGDACWGGWTGAACWGTWTAYCCHCC,ACGTRATWGCHCCDGCTARWACWGG;TCCGTRATWGCHCCDGCTARWACWGG;CTGCGTRATWGCHCCDGCTARWACWGG,LM2TV,/group/pathogens/IAWS/Projects/NGDSI/Horsham/freyr_testing/data
LM2TV_GM00031,GM00031,COI;COI;COI,fwhF2T1_fwhR2nT1;fwhF2T2_fwhR2nT2;fwhF2T3_fwhR2nT3,AGAAGGDACWGGWTGAACWGTWTAYCCHCC;TGTGGDACWGGWTGAACWGTWTAYCCHCC;GAGGDACWGGWTGAACWGTWTAYCCHCC,ACGTRATWGCHCCDGCTARWACWGG;TCCGTRATWGCHCCDGCTARWACWGG;CTGCGTRATWGCHCCDGCTARWACWGG,LM2TV,/group/pathogens/IAWS/Projects/NGDSI/Horsham/freyr_testing/data
LM2TV_GM00032,GM00032,COI;COI;COI,fwhF2T1_fwhR2nT1;fwhF2T2_fwhR2nT2;fwhF2T3_fwhR2nT3,AGAAGGDACWGGWTGAACWGTWTAYCCHCC;TGTGGDACWGGWTGAACWGTWTAYCCHCC;GAGGDACWGGWTGAACWGTWTAYCCHCC,ACGTRATWGCHCCDGCTARWACWGG;TCCGTRATWGCHCCDGCTARWACWGG;CTGCGTRATWGCHCCDGCTARWACWGG,LM2TV,/group/pathogens/IAWS/Projects/NGDSI/Horsham/freyr_testing/data
LM2TV_GP00001,GP00001,COI;COI;COI,fwhF2T1_fwhR2nT1;fwhF2T2_fwhR2nT2;fwhF2T3_fwhR2nT3,AGAAGGDACWGGWTGAACWGTWTAYCCHCC;TGTGGDACWGGWTGAACWGTWTAYCCHCC;GAGGDACWGGWTGAACWGTWTAYCCHCC,ACGTRATWGCHCCDGCTARWACWGG;TCCGTRATWGCHCCDGCTARWACWGG;CTGCGTRATWGCHCCDGCTARWACWGG,LM2TV,/group/pathogens/IAWS/Projects/NGDSI/Horsham/freyr_testing/data
LM2TV_GP00002,GP00002,COI;COI;COI,fwhF2T1_fwhR2nT1;fwhF2T2_fwhR2nT2;fwhF2T3_fwhR2nT3,AGAAGGDACWGGWTGAACWGTWTAYCCHCC;TGTGGDACWGGWTGAACWGTWTAYCCHCC;GAGGDACWGGWTGAACWGTWTAYCCHCC,ACGTRATWGCHCCDGCTARWACWGG;TCCGTRATWGCHCCDGCTARWACWGG;CTGCGTRATWGCHCCDGCTARWACWGG,LM2TV,/group/pathogens/IAWS/Projects/NGDSI/Horsham/freyr_testing/data
LM2TV_GP00003,GP00003,COI;COI;COI,fwhF2T1_fwhR2nT1;fwhF2T2_fwhR2nT2;fwhF2T3_fwhR2nT3,AGAAGGDACWGGWTGAACWGTWTAYCCHCC;TGTGGDACWGGWTGAACWGTWTAYCCHCC;GAGGDACWGGWTGAACWGTWTAYCCHCC,ACGTRATWGCHCCDGCTARWACWGG;TCCGTRATWGCHCCDGCTARWACWGG;CTGCGTRATWGCHCCDGCTARWACWGG,LM2TV,/group/pathogens/IAWS/Projects/NGDSI/Horsham/freyr_testing/data
LM2TV_GP00004,GP00004,COI;COI;COI,fwhF2T1_fwhR2nT1;fwhF2T2_fwhR2nT2;fwhF2T3_fwhR2nT3,AGAAGGDACWGGWTGAACWGTWTAYCCHCC;TGTGGDACWGGWTGAACWGTWTAYCCHCC;GAGGDACWGGWTGAACWGTWTAYCCHCC,ACGTRATWGCHCCDGCTARWACWGG;TCCGTRATWGCHCCDGCTARWACWGG;CTGCGTRATWGCHCCDGCTARWACWGG,LM2TV,/group/pathogens/IAWS/Projects/NGDSI/Horsham/freyr_testing/data
LM2TV_GP00005,GP00005,COI;COI;COI,fwhF2T1_fwhR2nT1;fwhF2T2_fwhR2nT2;fwhF2T3_fwhR2nT3,AGAAGGDACWGGWTGAACWGTWTAYCCHCC;TGTGGDACWGGWTGAACWGTWTAYCCHCC;GAGGDACWGGWTGAACWGTWTAYCCHCC,ACGTRATWGCHCCDGCTARWACWGG;TCCGTRATWGCHCCDGCTARWACWGG;CTGCGTRATWGCHCCDGCTARWACWGG,LM2TV,/group/pathogens/IAWS/Projects/NGDSI/Horsham/freyr_testing/data
LM2TV_GP00006,GP00006,COI;COI;COI,fwhF2T1_fwhR2nT1;fwhF2T2_fwhR2nT2;fwhF2T3_fwhR2nT3,AGAAGGDACWGGWTGAACWGTWTAYCCHCC;TGTGGDACWGGWTGAACWGTWTAYCCHCC;GAGGDACWGGWTGAACWGTWTAYCCHCC,ACGTRATWGCHCCDGCTARWACWGG;TCCGTRATWGCHCCDGCTARWACWGG;CTGCGTRATWGCHCCDGCTARWACWGG,LM2TV,/group/pathogens/IAWS/Projects/NGDSI/Horsham/freyr_testing/data
LM2TV_GP00007,GP00007,COI;COI;COI,fwhF2T1_fwhR2nT1;fwhF2T2_fwhR2nT2;fwhF2T3_fwhR2nT3,AGAAGGDACWGGWTGAACWGTWTAYCCHCC;TGTGGDACWGGWTGAACWGTWTAYCCHCC;GAGGDACWGGWTGAACWGTWTAYCCHCC,ACGTRATWGCHCCDGCTARWACWGG;TCCGTRATWGCHCCDGCTARWACWGG;CTGCGTRATWGCHCCDGCTARWACWGG,LM2TV,/group/pathogens/IAWS/Projects/NGDSI/Horsham/freyr_testing/data
LM2TV_GP00008,GP00008,COI;COI;COI,fwhF2T1_fwhR2nT1;fwhF2T2_fwhR2nT2;fwhF2T3_fwhR2nT3,AGAAGGDACWGGWTGAACWGTWTAYCCHCC;TGTGGDACWGGWTGAACWGTWTAYCCHCC;GAGGDACWGGWTGAACWGTWTAYCCHCC,ACGTRATWGCHCCDGCTARWACWGG;TCCGTRATWGCHCCDGCTARWACWGG;CTGCGTRATWGCHCCDGCTARWACWGG,LM2TV,/group/pathogens/IAWS/Projects/NGDSI/Horsham/freyr_testing/data
LM2TV_GP00009,GP00009,COI;COI;COI,fwhF2T1_fwhR2nT1;fwhF2T2_fwhR2nT2;fwhF2T3_fwhR2nT3,AGAAGGDACWGGWTGAACWGTWTAYCCHCC;TGTGGDACWGGWTGAACWGTWTAYCCHCC;GAGGDACWGGWTGAACWGTWTAYCCHCC,ACGTRATWGCHCCDGCTARWACWGG;TCCGTRATWGCHCCDGCTARWACWGG;CTGCGTRATWGCHCCDGCTARWACWGG,LM2TV,/group/pathogens/IAWS/Projects/NGDSI/Horsham/freyr_testing/data
LM2TV_GP00010,GP00010,COI;COI;COI,fwhF2T1_fwhR2nT1;fwhF2T2_fwhR2nT2;fwhF2T3_fwhR2nT3,AGAAGGDACWGGWTGAACWGTWTAYCCHCC;TGTGGDACWGGWTGAACWGTWTAYCCHCC;GAGGDACWGGWTGAACWGTWTAYCCHCC,ACGTRATWGCHCCDGCTARWACWGG;TCCGTRATWGCHCCDGCTARWACWGG;CTGCGTRATWGCHCCDGCTARWACWGG,LM2TV,/group/pathogens/IAWS/Projects/NGDSI/Horsham/freyr_testing/data
LM2TV_GP00011,GP00011,COI;COI;COI,fwhF2T1_fwhR2nT1;fwhF2T2_fwhR2nT2;fwhF2T3_fwhR2nT3,AGAAGGDACWGGWTGAACWGTWTAYCCHCC;TGTGGDACWGGWTGAACWGTWTAYCCHCC;GAGGDACWGGWTGAACWGTWTAYCCHCC,ACGTRATWGCHCCDGCTARWACWGG;TCCGTRATWGCHCCDGCTARWACWGG;CTGCGTRATWGCHCCDGCTARWACWGG,LM2TV,/group/pathogens/IAWS/Projects/NGDSI/Horsham/freyr_testing/data
LM2TV_GP00012,GP00012,COI;COI;COI,fwhF2T1_fwhR2nT1;fwhF2T2_fwhR2nT2;fwhF2T3_fwhR2nT3,AGAAGGDACWGGWTGAACWGTWTAYCCHCC;TGTGGDACWGGWTGAACWGTWTAYCCHCC;GAGGDACWGGWTGAACWGTWTAYCCHCC,ACGTRATWGCHCCDGCTARWACWGG;TCCGTRATWGCHCCDGCTARWACWGG;CTGCGTRATWGCHCCDGCTARWACWGG,LM2TV,/group/pathogens/IAWS/Projects/NGDSI/Horsham/freyr_testing/data
LM2TV_GP00013,GP00013,COI;COI;COI,fwhF2T1_fwhR2nT1;fwhF2T2_fwhR2nT2;fwhF2T3_fwhR2nT3,AGAAGGDACWGGWTGAACWGTWTAYCCHCC;TGTGGDACWGGWTGAACWGTWTAYCCHCC;GAGGDACWGGWTGAACWGTWTAYCCHCC,ACGTRATWGCHCCDGCTARWACWGG;TCCGTRATWGCHCCDGCTARWACWGG;CTGCGTRATWGCHCCDGCTARWACWGG,LM2TV,/group/pathogens/IAWS/Projects/NGDSI/Horsham/freyr_testing/data
LM2TV_GP00014,GP00014,COI;COI;COI,fwhF2T1_fwhR2nT1;fwhF2T2_fwhR2nT2;fwhF2T3_fwhR2nT3,AGAAGGDACWGGWTGAACWGTWTAYCCHCC;TGTGGDACWGGWTGAACWGTWTAYCCHCC;GAGGDACWGGWTGAACWGTWTAYCCHCC,ACGTRATWGCHCCDGCTARWACWGG;TCCGTRATWGCHCCDGCTARWACWGG;CTGCGTRATWGCHCCDGCTARWACWGG,LM2TV,/group/pathogens/IAWS/Projects/NGDSI/Horsham/freyr_testing/data
LM2TV_GP00015,GP00015,COI;COI;COI,fwhF2T1_fwhR2nT1;fwhF2T2_fwhR2nT2;fwhF2T3_fwhR2nT3,AGAAGGDACWGGWTGAACWGTWTAYCCHCC;TGTGGDACWGGWTGAACWGTWTAYCCHCC;GAGGDACWGGWTGAACWGTWTAYCCHCC,ACGTRATWGCHCCDGCTARWACWGG;TCCGTRATWGCHCCDGCTARWACWGG;CTGCGTRATWGCHCCDGCTARWACWGG,LM2TV,/group/pathogens/IAWS/Projects/NGDSI/Horsham/freyr_testing/data
LM2TV_GP00016,GP00016,COI;COI;COI,fwhF2T1_fwhR2nT1;fwhF2T2_fwhR2nT2;fwhF2T3_fwhR2nT3,AGAAGGDACWGGWTGAACWGTWTAYCCHCC;TGTGGDACWGGWTGAACWGTWTAYCCHCC;GAGGDACWGGWTGAACWGTWTAYCCHCC,ACGTRATWGCHCCDGCTARWACWGG;TCCGTRATWGCHCCDGCTARWACWGG;CTGCGTRATWGCHCCDGCTARWACWGG,LM2TV,/group/pathogens/IAWS/Projects/NGDSI/Horsham/freyr_testing/data
LM2TV_GP00017,GP00017,COI;COI;COI,fwhF2T1_fwhR2nT1;fwhF2T2_fwhR2nT2;fwhF2T3_fwhR2nT3,AGAAGGDACWGGWTGAACWGTWTAYCCHCC;TGTGGDACWGGWTGAACWGTWTAYCCHCC;GAGGDACWGGWTGAACWGTWTAYCCHCC,ACGTRATWGCHCCDGCTARWACWGG;TCCGTRATWGCHCCDGCTARWACWGG;CTGCGTRATWGCHCCDGCTARWACWGG,LM2TV,/group/pathogens/IAWS/Projects/NGDSI/Horsham/freyr_testing/data
LM2TV_GP00018,GP00018,COI;COI;COI,fwhF2T1_fwhR2nT1;fwhF2T2_fwhR2nT2;fwhF2T3_fwhR2nT3,AGAAGGDACWGGWTGAACWGTWTAYCCHCC;TGTGGDACWGGWTGAACWGTWTAYCCHCC;GAGGDACWGGWTGAACWGTWTAYCCHCC,ACGTRATWGCHCCDGCTARWACWGG;TCCGTRATWGCHCCDGCTARWACWGG;CTGCGTRATWGCHCCDGCTARWACWGG,LM2TV,/group/pathogens/IAWS/Projects/NGDSI/Horsham/freyr_testing/data
LM2TV_GP00019,GP00019,COI;COI;COI,fwhF2T1_fwhR2nT1;fwhF2T2_fwhR2nT2;fwhF2T3_fwhR2nT3,AGAAGGDACWGGWTGAACWGTWTAYCCHCC;TGTGGDACWGGWTGAACWGTWTAYCCHCC;GAGGDACWGGWTGAACWGTWTAYCCHCC,ACGTRATWGCHCCDGCTARWACWGG;TCCGTRATWGCHCCDGCTARWACWGG;CTGCGTRATWGCHCCDGCTARWACWGG,LM2TV,/group/pathogens/IAWS/Projects/NGDSI/Horsham/freyr_testing/data
LM2TV_GP00020,GP00020,COI;COI;COI,fwhF2T1_fwhR2nT1;fwhF2T2_fwhR2nT2;fwhF2T3_fwhR2nT3,AGAAGGDACWGGWTGAACWGTWTAYCCHCC;TGTGGDACWGGWTGAACWGTWTAYCCHCC;GAGGDACWGGWTGAACWGTWTAYCCHCC,ACGTRATWGCHCCDGCTARWACWGG;TCCGTRATWGCHCCDGCTARWACWGG;CTGCGTRATWGCHCCDGCTARWACWGG,LM2TV,/group/pathogens/IAWS/Projects/NGDSI/Horsham/freyr_testing/data
LM2TV_GP00021,GP00021,COI;COI;COI,fwhF2T1_fwhR2nT1;fwhF2T2_fwhR2nT2;fwhF2T3_fwhR2nT3,AGAAGGDACWGGWTGAACWGTWTAYCCHCC;TGTGGDACWGGWTGAACWGTWTAYCCHCC;GAGGDACWGGWTGAACWGTWTAYCCHCC,ACGTRATWGCHCCDGCTARWACWGG;TCCGTRATWGCHCCDGCTARWACWGG;CTGCGTRATWGCHCCDGCTARWACWGG,LM2TV,/group/pathogens/IAWS/Projects/NGDSI/Horsham/freyr_testing/data
LM2TV_GP00022,GP00022,COI;COI;COI,fwhF2T1_fwhR2nT1;fwhF2T2_fwhR2nT2;fwhF2T3_fwhR2nT3,AGAAGGDACWGGWTGAACWGTWTAYCCHCC;TGTGGDACWGGWTGAACWGTWTAYCCHCC;GAGGDACWGGWTGAACWGTWTAYCCHCC,ACGTRATWGCHCCDGCTARWACWGG;TCCGTRATWGCHCCDGCTARWACWGG;CTGCGTRATWGCHCCDGCTARWACWGG,LM2TV,/group/pathogens/IAWS/Projects/NGDSI/Horsham/freyr_testing/data
LM2TV_GP00023,GP00023,COI;COI;COI,fwhF2T1_fwhR2nT1;fwhF2T2_fwhR2nT2;fwhF2T3_fwhR2nT3,AGAAGGDACWGGWTGAACWGTWTAYCCHCC;TGTGGDACWGGWTGAACWGTWTAYCCHCC;GAGGDACWGGWTGAACWGTWTAYCCHCC,ACGTRATWGCHCCDGCTARWACWGG;TCCGTRATWGCHCCDGCTARWACWGG;CTGCGTRATWGCHCCDGCTARWACWGG,LM2TV,/group/pathogens/IAWS/Projects/NGDSI/Horsham/freyr_testing/data
LM2TV_GP00024,GP00024,COI;COI;COI,fwhF2T1_fwhR2nT1;fwhF2T2_fwhR2nT2;fwhF2T3_fwhR2nT3,AGAAGGDACWGGWTGAACWGTWTAYCCHCC;TGTGGDACWGGWTGAACWGTWTAYCCHCC;GAGGDACWGGWTGAACWGTWTAYCCHCC,ACGTRATWGCHCCDGCTARWACWGG;TCCGTRATWGCHCCDGCTARWACWGG;CTGCGTRATWGCHCCDGCTARWACWGG,LM2TV,/group/pathogens/IAWS/Projects/NGDSI/Horsham/freyr_testing/data
LM2TV_GP00025,GP00025,COI;COI;COI,fwhF2T1_fwhR2nT1;fwhF2T2_fwhR2nT2;fwhF2T3_fwhR2nT3,AGAAGGDACWGGWTGAACWGTWTAYCCHCC;TGTGGDACWGGWTGAACWGTWTAYCCHCC;GAGGDACWGGWTGAACWGTWTAYCCHCC,ACGTRATWGCHCCDGCTARWACWGG;TCCGTRATWGCHCCDGCTARWACWGG;CTGCGTRATWGCHCCDGCTARWACWGG,LM2TV,/group/pathogens/IAWS/Projects/NGDSI/Horsham/freyr_testing/data
LM2TV_GP00026,GP00026,COI;COI;COI,fwhF2T1_fwhR2nT1;fwhF2T2_fwhR2nT2;fwhF2T3_fwhR2nT3,AGAAGGDACWGGWTGAACWGTWTAYCCHCC;TGTGGDACWGGWTGAACWGTWTAYCCHCC;GAGGDACWGGWTGAACWGTWTAYCCHCC,ACGTRATWGCHCCDGCTARWACWGG;TCCGTRATWGCHCCDGCTARWACWGG;CTGCGTRATWGCHCCDGCTARWACWGG,LM2TV,/group/pathogens/IAWS/Projects/NGDSI/Horsham/freyr_testing/data
LM2TV_GP00027,GP00027,COI;COI;COI,fwhF2T1_fwhR2nT1;fwhF2T2_fwhR2nT2;fwhF2T3_fwhR2nT3,AGAAGGDACWGGWTGAACWGTWTAYCCHCC;TGTGGDACWGGWTGAACWGTWTAYCCHCC;GAGGDACWGGWTGAACWGTWTAYCCHCC,ACGTRATWGCHCCDGCTARWACWGG;TCCGTRATWGCHCCDGCTARWACWGG;CTGCGTRATWGCHCCDGCTARWACWGG,LM2TV,/group/pathogens/IAWS/Projects/NGDSI/Horsham/freyr_testing/data
LM2TV_GP00028,GP00028,COI;COI;COI,fwhF2T1_fwhR2nT1;fwhF2T2_fwhR2nT2;fwhF2T3_fwhR2nT3,AGAAGGDACWGGWTGAACWGTWTAYCCHCC;TGTGGDACWGGWTGAACWGTWTAYCCHCC;GAGGDACWGGWTGAACWGTWTAYCCHCC,ACGTRATWGCHCCDGCTARWACWGG;TCCGTRATWGCHCCDGCTARWACWGG;CTGCGTRATWGCHCCDGCTARWACWGG,LM2TV,/group/pathogens/IAWS/Projects/NGDSI/Horsham/freyr_testing/data
LM2TV_GP00029,GP00029,COI;COI;COI,fwhF2T1_fwhR2nT1;fwhF2T2_fwhR2nT2;fwhF2T3_fwhR2nT3,AGAAGGDACWGGWTGAACWGTWTAYCCHCC;TGTGGDACWGGWTGAACWGTWTAYCCHCC;GAGGDACWGGWTGAACWGTWTAYCCHCC,ACGTRATWGCHCCDGCTARWACWGG;TCCGTRATWGCHCCDGCTARWACWGG;CTGCGTRATWGCHCCDGCTARWACWGG,LM2TV,/group/pathogens/IAWS/Projects/NGDSI/Horsham/freyr_testing/data
LM2TV_GP00030,GP00030,COI;COI;COI,fwhF2T1_fwhR2nT1;fwhF2T2_fwhR2nT2;fwhF2T3_fwhR2nT3,AGAAGGDACWGGWTGAACWGTWTAYCCHCC;TGTGGDACWGGWTGAACWGTWTAYCCHCC;GAGGDACWGGWTGAACWGTWTAYCCHCC,ACGTRATWGCHCCDGCTARWACWGG;TCCGTRATWGCHCCDGCTARWACWGG;CTGCGTRATWGCHCCDGCTARWACWGG,LM2TV,/group/pathogens/IAWS/Projects/NGDSI/Horsham/freyr_testing/data
LM2TV_GP00031,GP00031,COI;COI;COI,fwhF2T1_fwhR2nT1;fwhF2T2_fwhR2nT2;fwhF2T3_fwhR2nT3,AGAAGGDACWGGWTGAACWGTWTAYCCHCC;TGTGGDACWGGWTGAACWGTWTAYCCHCC;GAGGDACWGGWTGAACWGTWTAYCCHCC,ACGTRATWGCHCCDGCTARWACWGG;TCCGTRATWGCHCCDGCTARWACWGG;CTGCGTRATWGCHCCDGCTARWACWGG,LM2TV,/group/pathogens/IAWS/Projects/NGDSI/Horsham/freyr_testing/data
LM2TV_GP00032,GP00032,COI;COI;COI,fwhF2T1_fwhR2nT1;fwhF2T2_fwhR2nT2;fwhF2T3_fwhR2nT3,AGAAGGDACWGGWTGAACWGTWTAYCCHCC;TGTGGDACWGGWTGAACWGTWTAYCCHCC;GAGGDACWGGWTGAACWGTWTAYCCHCC,ACGTRATWGCHCCDGCTARWACWGG;TCCGTRATWGCHCCDGCTARWACWGG;CTGCGTRATWGCHCCDGCTARWACWGG,LM2TV,/group/pathogens/IAWS/Projects/NGDSI/Horsham/freyr_testing/data
LM2TV_GP00033,GP00033,COI;COI;COI,fwhF2T1_fwhR2nT1;fwhF2T2_fwhR2nT2;fwhF2T3_fwhR2nT3,AGAAGGDACWGGWTGAACWGTWTAYCCHCC;TGTGGDACWGGWTGAACWGTWTAYCCHCC;GAGGDACWGGWTGAACWGTWTAYCCHCC,ACGTRATWGCHCCDGCTARWACWGG;TCCGTRATWGCHCCDGCTARWACWGG;CTGCGTRATWGCHCCDGCTARWACWGG,LM2TV,/group/pathogens/IAWS/Projects/NGDSI/Horsham/freyr_testing/data
LM2TV_GP00034,GP00034,COI;COI;COI,fwhF2T1_fwhR2nT1;fwhF2T2_fwhR2nT2;fwhF2T3_fwhR2nT3,AGAAGGDACWGGWTGAACWGTWTAYCCHCC;TGTGGDACWGGWTGAACWGTWTAYCCHCC;GAGGDACWGGWTGAACWGTWTAYCCHCC,ACGTRATWGCHCCDGCTARWACWGG;TCCGTRATWGCHCCDGCTARWACWGG;CTGCGTRATWGCHCCDGCTARWACWGG,LM2TV,/group/pathogens/IAWS/Projects/NGDSI/Horsham/freyr_testing/data
LM2TV_GP00035,GP00035,COI;COI;COI,fwhF2T1_fwhR2nT1;fwhF2T2_fwhR2nT2;fwhF2T3_fwhR2nT3,AGAAGGDACWGGWTGAACWGTWTAYCCHCC;TGTGGDACWGGWTGAACWGTWTAYCCHCC;GAGGDACWGGWTGAACWGTWTAYCCHCC,ACGTRATWGCHCCDGCTARWACWGG;TCCGTRATWGCHCCDGCTARWACWGG;CTGCGTRATWGCHCCDGCTARWACWGG,LM2TV,/group/pathogens/IAWS/Projects/NGDSI/Horsham/freyr_testing/data
LM2TV_GP00036,GP00036,COI;COI;COI,fwhF2T1_fwhR2nT1;fwhF2T2_fwhR2nT2;fwhF2T3_fwhR2nT3,AGAAGGDACWGGWTGAACWGTWTAYCCHCC;TGTGGDACWGGWTGAACWGTWTAYCCHCC;GAGGDACWGGWTGAACWGTWTAYCCHCC,ACGTRATWGCHCCDGCTARWACWGG;TCCGTRATWGCHCCDGCTARWACWGG;CTGCGTRATWGCHCCDGCTARWACWGG,LM2TV,/group/pathogens/IAWS/Projects/NGDSI/Horsham/freyr_testing/data
LM2TV_GP00037,GP00037,COI;COI;COI,fwhF2T1_fwhR2nT1;fwhF2T2_fwhR2nT2;fwhF2T3_fwhR2nT3,AGAAGGDACWGGWTGAACWGTWTAYCCHCC;TGTGGDACWGGWTGAACWGTWTAYCCHCC;GAGGDACWGGWTGAACWGTWTAYCCHCC,ACGTRATWGCHCCDGCTARWACWGG;TCCGTRATWGCHCCDGCTARWACWGG;CTGCGTRATWGCHCCDGCTARWACWGG,LM2TV,/group/pathogens/IAWS/Projects/NGDSI/Horsham/freyr_testing/data
LM2TV_GP00038,GP00038,COI;COI;COI,fwhF2T1_fwhR2nT1;fwhF2T2_fwhR2nT2;fwhF2T3_fwhR2nT3,AGAAGGDACWGGWTGAACWGTWTAYCCHCC;TGTGGDACWGGWTGAACWGTWTAYCCHCC;GAGGDACWGGWTGAACWGTWTAYCCHCC,ACGTRATWGCHCCDGCTARWACWGG;TCCGTRATWGCHCCDGCTARWACWGG;CTGCGTRATWGCHCCDGCTARWACWGG,LM2TV,/group/pathogens/IAWS/Projects/NGDSI/Horsham/freyr_testing/data
LM2TV_GP00039,GP00039,COI;COI;COI,fwhF2T1_fwhR2nT1;fwhF2T2_fwhR2nT2;fwhF2T3_fwhR2nT3,AGAAGGDACWGGWTGAACWGTWTAYCCHCC;TGTGGDACWGGWTGAACWGTWTAYCCHCC;GAGGDACWGGWTGAACWGTWTAYCCHCC,ACGTRATWGCHCCDGCTARWACWGG;TCCGTRATWGCHCCDGCTARWACWGG;CTGCGTRATWGCHCCDGCTARWACWGG,LM2TV,/group/pathogens/IAWS/Projects/NGDSI/Horsham/freyr_testing/data
LM2TV_GP00040,GP00040,COI;COI;COI,fwhF2T1_fwhR2nT1;fwhF2T2_fwhR2nT2;fwhF2T3_fwhR2nT3,AGAAGGDACWGGWTGAACWGTWTAYCCHCC;TGTGGDACWGGWTGAACWGTWTAYCCHCC;GAGGDACWGGWTGAACWGTWTAYCCHCC,ACGTRATWGCHCCDGCTARWACWGG;TCCGTRATWGCHCCDGCTARWACWGG;CTGCGTRATWGCHCCDGCTARWACWGG,LM2TV,/group/pathogens/IAWS/Projects/NGDSI/Horsham/freyr_testing/data
LM2TV_GP00041,GP00041,COI;COI;COI,fwhF2T1_fwhR2nT1;fwhF2T2_fwhR2nT2;fwhF2T3_fwhR2nT3,AGAAGGDACWGGWTGAACWGTWTAYCCHCC;TGTGGDACWGGWTGAACWGTWTAYCCHCC;GAGGDACWGGWTGAACWGTWTAYCCHCC,ACGTRATWGCHCCDGCTARWACWGG;TCCGTRATWGCHCCDGCTARWACWGG;CTGCGTRATWGCHCCDGCTARWACWGG,LM2TV,/group/pathogens/IAWS/Projects/NGDSI/Horsham/freyr_testing/data
LM2TV_GP00042,GP00042,COI;COI;COI,fwhF2T1_fwhR2nT1;fwhF2T2_fwhR2nT2;fwhF2T3_fwhR2nT3,AGAAGGDACWGGWTGAACWGTWTAYCCHCC;TGTGGDACWGGWTGAACWGTWTAYCCHCC;GAGGDACWGGWTGAACWGTWTAYCCHCC,ACGTRATWGCHCCDGCTARWACWGG;TCCGTRATWGCHCCDGCTARWACWGG;CTGCGTRATWGCHCCDGCTARWACWGG,LM2TV,/group/pathogens/IAWS/Projects/NGDSI/Horsham/freyr_testing/data
LM2TV_GP00043,GP00043,COI;COI;COI,fwhF2T1_fwhR2nT1;fwhF2T2_fwhR2nT2;fwhF2T3_fwhR2nT3,AGAAGGDACWGGWTGAACWGTWTAYCCHCC;TGTGGDACWGGWTGAACWGTWTAYCCHCC;GAGGDACWGGWTGAACWGTWTAYCCHCC,ACGTRATWGCHCCDGCTARWACWGG;TCCGTRATWGCHCCDGCTARWACWGG;CTGCGTRATWGCHCCDGCTARWACWGG,LM2TV,/group/pathogens/IAWS/Projects/NGDSI/Horsham/freyr_testing/data
LM2TV_GP00044,GP00044,COI;COI;COI,fwhF2T1_fwhR2nT1;fwhF2T2_fwhR2nT2;fwhF2T3_fwhR2nT3,AGAAGGDACWGGWTGAACWGTWTAYCCHCC;TGTGGDACWGGWTGAACWGTWTAYCCHCC;GAGGDACWGGWTGAACWGTWTAYCCHCC,ACGTRATWGCHCCDGCTARWACWGG;TCCGTRATWGCHCCDGCTARWACWGG;CTGCGTRATWGCHCCDGCTARWACWGG,LM2TV,/group/pathogens/IAWS/Projects/NGDSI/Horsham/freyr_testing/data
LM2TV_GP00045,GP00045,COI;COI;COI,fwhF2T1_fwhR2nT1;fwhF2T2_fwhR2nT2;fwhF2T3_fwhR2nT3,AGAAGGDACWGGWTGAACWGTWTAYCCHCC;TGTGGDACWGGWTGAACWGTWTAYCCHCC;GAGGDACWGGWTGAACWGTWTAYCCHCC,ACGTRATWGCHCCDGCTARWACWGG;TCCGTRATWGCHCCDGCTARWACWGG;CTGCGTRATWGCHCCDGCTARWACWGG,LM2TV,/group/pathogens/IAWS/Projects/NGDSI/Horsham/freyr_testing/data
LM2TV_GP00046,GP00046,COI;COI;COI,fwhF2T1_fwhR2nT1;fwhF2T2_fwhR2nT2;fwhF2T3_fwhR2nT3,AGAAGGDACWGGWTGAACWGTWTAYCCHCC;TGTGGDACWGGWTGAACWGTWTAYCCHCC;GAGGDACWGGWTGAACWGTWTAYCCHCC,ACGTRATWGCHCCDGCTARWACWGG;TCCGTRATWGCHCCDGCTARWACWGG;CTGCGTRATWGCHCCDGCTARWACWGG,LM2TV,/group/pathogens/IAWS/Projects/NGDSI/Horsham/freyr_testing/data
LM2TV_GP00047,GP00047,COI;COI;COI,fwhF2T1_fwhR2nT1;fwhF2T2_fwhR2nT2;fwhF2T3_fwhR2nT3,AGAAGGDACWGGWTGAACWGTWTAYCCHCC;TGTGGDACWGGWTGAACWGTWTAYCCHCC;GAGGDACWGGWTGAACWGTWTAYCCHCC,ACGTRATWGCHCCDGCTARWACWGG;TCCGTRATWGCHCCDGCTARWACWGG;CTGCGTRATWGCHCCDGCTARWACWGG,LM2TV,/group/pathogens/IAWS/Projects/NGDSI/Horsham/freyr_testing/data
LM2TV_GP00048,GP00048,COI;COI;COI,fwhF2T1_fwhR2nT1;fwhF2T2_fwhR2nT2;fwhF2T3_fwhR2nT3,AGAAGGDACWGGWTGAACWGTWTAYCCHCC;TGTGGDACWGGWTGAACWGTWTAYCCHCC;GAGGDACWGGWTGAACWGTWTAYCCHCC,ACGTRATWGCHCCDGCTARWACWGG;TCCGTRATWGCHCCDGCTARWACWGG;CTGCGTRATWGCHCCDGCTARWACWGG,LM2TV,/group/pathogens/IAWS/Projects/NGDSI/Horsham/freyr_testing/data
LM2TV_GP00049,GP00049,COI;COI;COI,fwhF2T1_fwhR2nT1;fwhF2T2_fwhR2nT2;fwhF2T3_fwhR2nT3,AGAAGGDACWGGWTGAACWGTWTAYCCHCC;TGTGGDACWGGWTGAACWGTWTAYCCHCC;GAGGDACWGGWTGAACWGTWTAYCCHCC,ACGTRATWGCHCCDGCTARWACWGG;TCCGTRATWGCHCCDGCTARWACWGG;CTGCGTRATWGCHCCDGCTARWACWGG,LM2TV,/group/pathogens/IAWS/Projects/NGDSI/Horsham/freyr_testing/data
LM2TV_GP00050,GP00050,COI;COI;COI,fwhF2T1_fwhR2nT1;fwhF2T2_fwhR2nT2;fwhF2T3_fwhR2nT3,AGAAGGDACWGGWTGAACWGTWTAYCCHCC;TGTGGDACWGGWTGAACWGTWTAYCCHCC;GAGGDACWGGWTGAACWGTWTAYCCHCC,ACGTRATWGCHCCDGCTARWACWGG;TCCGTRATWGCHCCDGCTARWACWGG;CTGCGTRATWGCHCCDGCTARWACWGG,LM2TV,/group/pathogens/IAWS/Projects/NGDSI/Horsham/freyr_testing/data
LM2TV_GP00051,GP00051,COI;COI;COI,fwhF2T1_fwhR2nT1;fwhF2T2_fwhR2nT2;fwhF2T3_fwhR2nT3,AGAAGGDACWGGWTGAACWGTWTAYCCHCC;TGTGGDACWGGWTGAACWGTWTAYCCHCC;GAGGDACWGGWTGAACWGTWTAYCCHCC,ACGTRATWGCHCCDGCTARWACWGG;TCCGTRATWGCHCCDGCTARWACWGG;CTGCGTRATWGCHCCDGCTARWACWGG,LM2TV,/group/pathogens/IAWS/Projects/NGDSI/Horsham/freyr_testing/data
LM2TV_GP00052,GP00052,COI;COI;COI,fwhF2T1_fwhR2nT1;fwhF2T2_fwhR2nT2;fwhF2T3_fwhR2nT3,AGAAGGDACWGGWTGAACWGTWTAYCCHCC;TGTGGDACWGGWTGAACWGTWTAYCCHCC;GAGGDACWGGWTGAACWGTWTAYCCHCC,ACGTRATWGCHCCDGCTARWACWGG;TCCGTRATWGCHCCDGCTARWACWGG;CTGCGTRATWGCHCCDGCTARWACWGG,LM2TV,/group/pathogens/IAWS/Projects/NGDSI/Horsham/freyr_testing/data
LM2TV_GP00053,GP00053,COI;COI;COI,fwhF2T1_fwhR2nT1;fwhF2T2_fwhR2nT2;fwhF2T3_fwhR2nT3,AGAAGGDACWGGWTGAACWGTWTAYCCHCC;TGTGGDACWGGWTGAACWGTWTAYCCHCC;GAGGDACWGGWTGAACWGTWTAYCCHCC,ACGTRATWGCHCCDGCTARWACWGG;TCCGTRATWGCHCCDGCTARWACWGG;CTGCGTRATWGCHCCDGCTARWACWGG,LM2TV,/group/pathogens/IAWS/Projects/NGDSI/Horsham/freyr_testing/data
LM2TV_GP00054,GP00054,COI;COI;COI,fwhF2T1_fwhR2nT1;fwhF2T2_fwhR2nT2;fwhF2T3_fwhR2nT3,AGAAGGDACWGGWTGAACWGTWTAYCCHCC;TGTGGDACWGGWTGAACWGTWTAYCCHCC;GAGGDACWGGWTGAACWGTWTAYCCHCC,ACGTRATWGCHCCDGCTARWACWGG;TCCGTRATWGCHCCDGCTARWACWGG;CTGCGTRATWGCHCCDGCTARWACWGG,LM2TV,/group/pathogens/IAWS/Projects/NGDSI/Horsham/freyr_testing/data
LM2TV_GP00055,GP00055,COI;COI;COI,fwhF2T1_fwhR2nT1;fwhF2T2_fwhR2nT2;fwhF2T3_fwhR2nT3,AGAAGGDACWGGWTGAACWGTWTAYCCHCC;TGTGGDACWGGWTGAACWGTWTAYCCHCC;GAGGDACWGGWTGAACWGTWTAYCCHCC,ACGTRATWGCHCCDGCTARWACWGG;TCCGTRATWGCHCCDGCTARWACWGG;CTGCGTRATWGCHCCDGCTARWACWGG,LM2TV,/group/pathogens/IAWS/Projects/NGDSI/Horsham/freyr_testing/data
LM2TV_GP00056,GP00056,COI;COI;COI,fwhF2T1_fwhR2nT1;fwhF2T2_fwhR2nT2;fwhF2T3_fwhR2nT3,AGAAGGDACWGGWTGAACWGTWTAYCCHCC;TGTGGDACWGGWTGAACWGTWTAYCCHCC;GAGGDACWGGWTGAACWGTWTAYCCHCC,ACGTRATWGCHCCDGCTARWACWGG;TCCGTRATWGCHCCDGCTARWACWGG;CTGCGTRATWGCHCCDGCTARWACWGG,LM2TV,/group/pathogens/IAWS/Projects/NGDSI/Horsham/freyr_testing/data
LM2TV_EC,EC,COI;COI;COI,fwhF2T1_fwhR2nT1;fwhF2T2_fwhR2nT2;fwhF2T3_fwhR2nT3,AGAAGGDACWGGWTGAACWGTWTAYCCHCC;TGTGGDACWGGWTGAACWGTWTAYCCHCC;GAGGDACWGGWTGAACWGTWTAYCCHCC,ACGTRATWGCHCCDGCTARWACWGG;TCCGTRATWGCHCCDGCTARWACWGG;CTGCGTRATWGCHCCDGCTARWACWGG,LM2TV,/group/pathogens/IAWS/Projects/NGDSI/Horsham/freyr_testing/data
LM2TV_PCRC,PCRC,COI;COI;COI,fwhF2T1_fwhR2nT1;fwhF2T2_fwhR2nT2;fwhF2T3_fwhR2nT3,AGAAGGDACWGGWTGAACWGTWTAYCCHCC;TGTGGDACWGGWTGAACWGTWTAYCCHCC;GAGGDACWGGWTGAACWGTWTAYCCHCC,ACGTRATWGCHCCDGCTARWACWGG;TCCGTRATWGCHCCDGCTARWACWGG;CTGCGTRATWGCHCCDGCTARWACWGG,LM2TV,/group/pathogens/IAWS/Projects/NGDSI/Horsham/freyr_testing/data
LM2TV_Horsh02,Horsh02,COI;COI;COI,fwhF2T1_fwhR2nT1;fwhF2T2_fwhR2nT2;fwhF2T3_fwhR2nT3,AGAAGGDACWGGWTGAACWGTWTAYCCHCC;TGTGGDACWGGWTGAACWGTWTAYCCHCC;GAGGDACWGGWTGAACWGTWTAYCCHCC,ACGTRATWGCHCCDGCTARWACWGG;TCCGTRATWGCHCCDGCTARWACWGG;CTGCGTRATWGCHCCDGCTARWACWGG,LM2TV,/group/pathogens/IAWS/Projects/NGDSI/Horsham/freyr_testing/data
LM2TV_Mock01,Mock01,COI;COI;COI,fwhF2T1_fwhR2nT1;fwhF2T2_fwhR2nT2;fwhF2T3_fwhR2nT3,AGAAGGDACWGGWTGAACWGTWTAYCCHCC;TGTGGDACWGGWTGAACWGTWTAYCCHCC;GAGGDACWGGWTGAACWGTWTAYCCHCC,ACGTRATWGCHCCDGCTARWACWGG;TCCGTRATWGCHCCDGCTARWACWGG;CTGCGTRATWGCHCCDGCTARWACWGG,LM2TV,/group/pathogens/IAWS/Projects/NGDSI/Horsham/freyr_testing/data
LM2TV_Mock02,Mock02,COI;COI;COI,fwhF2T1_fwhR2nT1;fwhF2T2_fwhR2nT2;fwhF2T3_fwhR2nT3,AGAAGGDACWGGWTGAACWGTWTAYCCHCC;TGTGGDACWGGWTGAACWGTWTAYCCHCC;GAGGDACWGGWTGAACWGTWTAYCCHCC,ACGTRATWGCHCCDGCTARWACWGG;TCCGTRATWGCHCCDGCTARWACWGG;CTGCGTRATWGCHCCDGCTARWACWGG,LM2TV,/group/pathogens/IAWS/Projects/NGDSI/Horsham/freyr_testing/data
LM2TV_Mock03,Mock03,COI;COI;COI,fwhF2T1_fwhR2nT1;fwhF2T2_fwhR2nT2;fwhF2T3_fwhR2nT3,AGAAGGDACWGGWTGAACWGTWTAYCCHCC;TGTGGDACWGGWTGAACWGTWTAYCCHCC;GAGGDACWGGWTGAACWGTWTAYCCHCC,ACGTRATWGCHCCDGCTARWACWGG;TCCGTRATWGCHCCDGCTARWACWGG;CTGCGTRATWGCHCCDGCTARWACWGG,LM2TV,/group/pathogens/IAWS/Projects/NGDSI/Horsham/freyr_testing/data
LM2TV_Mock04,Mock04,COI;COI;COI,fwhF2T1_fwhR2nT1;fwhF2T2_fwhR2nT2;fwhF2T3_fwhR2nT3,AGAAGGDACWGGWTGAACWGTWTAYCCHCC;TGTGGDACWGGWTGAACWGTWTAYCCHCC;GAGGDACWGGWTGAACWGTWTAYCCHCC,ACGTRATWGCHCCDGCTARWACWGG;TCCGTRATWGCHCCDGCTARWACWGG;CTGCGTRATWGCHCCDGCTARWACWGG,LM2TV,/group/pathogens/IAWS/Projects/NGDSI/Horsham/freyr_testing/data
LM2TV_Mock05,Mock05,COI;COI;COI,fwhF2T1_fwhR2nT1;fwhF2T2_fwhR2nT2;fwhF2T3_fwhR2nT3,AGAAGGDACWGGWTGAACWGTWTAYCCHCC;TGTGGDACWGGWTGAACWGTWTAYCCHCC;GAGGDACWGGWTGAACWGTWTAYCCHCC,ACGTRATWGCHCCDGCTARWACWGG;TCCGTRATWGCHCCDGCTARWACWGG;CTGCGTRATWGCHCCDGCTARWACWGG,LM2TV,/group/pathogens/IAWS/Projects/NGDSI/Horsham/freyr_testing/data
