sample_id,sample_name,extraction_rep,amp_rep,client_name,experiment_name,sample_type,collection_method,collection_location,lat_lon,environment,collection_date,operator_name,description,assay,extraction_method,amp_method,target_gene,pcr_primers,for_primer_seq,rev_primer_seq,index_plate,index_well,i7_index_id,i7_index,i5_index_id,i5_index,seq_platform,fcid,for_read_length,rev_read_length,seq_run_id,seq_id,seq_date,analysis_method,notes
JDYG3_jm001A_ext1_pcr1,jm001A_ext1_pcr1,NA,NA,Metabarcoding,Junji2,NA,NA,NA,NA,NA,NA,Junji,NA,Metabarcoding,NA,NA,NA,fwhF2-fwhR2n,GGDACWGGWTGAACWGTWTAYCCHCC,GTRATWGCHCCDGCTARWACWGG,1,A01,AVR_DUI_i7_001,GAGACGAT,AVR_DUI_i5_001,GTTCTCGT,NA,JDYG3,251,251,210219_M03633_0489_000000000-JDYG3,M03633,2021-02-19,NA,NA
JDYG3_jm002A_ext1_pcr1,jm002A_ext1_pcr1,NA,NA,Metabarcoding,Junji2,NA,NA,NA,NA,NA,NA,Junji,NA,Metabarcoding,NA,NA,NA,fwhF2-fwhR2n,GGDACWGGWTGAACWGTWTAYCCHCC,GTRATWGCHCCDGCTARWACWGG,1,B01,AVR_DUI_i7_002,ACGGAACA,AVR_DUI_i5_002,CGCTCTAT,NA,JDYG3,251,251,210219_M03633_0489_000000000-JDYG3,M03633,2021-02-19,NA,NA
JDYG3_jm003A_ext1_pcr1,jm003A_ext1_pcr1,NA,NA,Metabarcoding,Junji2,NA,NA,NA,NA,NA,NA,Junji,NA,Metabarcoding,NA,NA,NA,fwhF2-fwhR2n,GGDACWGGWTGAACWGTWTAYCCHCC,GTRATWGCHCCDGCTARWACWGG,1,C01,AVR_DUI_i7_003,CTTAGGAC,AVR_DUI_i5_003,TGGTAGCT,NA,JDYG3,251,251,210219_M03633_0489_000000000-JDYG3,M03633,2021-02-19,NA,NA
JDYG3_jm004A_ext1_pcr1,jm004A_ext1_pcr1,NA,NA,Metabarcoding,Junji2,NA,NA,NA,NA,NA,NA,Junji,NA,Metabarcoding,NA,NA,NA,fwhF2-fwhR2n,GGDACWGGWTGAACWGTWTAYCCHCC,GTRATWGCHCCDGCTARWACWGG,1,D01,AVR_DUI_i7_004,TACGCCTT,AVR_DUI_i5_004,ACAGCTCA,NA,JDYG3,251,251,210219_M03633_0489_000000000-JDYG3,M03633,2021-02-19,NA,NA
JDYG3_jm005A_ext1_pcr1,jm005A_ext1_pcr1,NA,NA,Metabarcoding,Junji2,NA,NA,NA,NA,NA,NA,Junji,NA,Metabarcoding,NA,NA,NA,fwhF2-fwhR2n,GGDACWGGWTGAACWGTWTAYCCHCC,GTRATWGCHCCDGCTARWACWGG,1,E01,AVR_DUI_i7_005,CTACTTGG,AVR_DUI_i5_005,GCAAGATC,NA,JDYG3,251,251,210219_M03633_0489_000000000-JDYG3,M03633,2021-02-19,NA,NA
JDYG3_jm006A_ext1_pcr1,jm006A_ext1_pcr1,NA,NA,Metabarcoding,Junji2,NA,NA,NA,NA,NA,NA,Junji,NA,Metabarcoding,NA,NA,NA,fwhF2-fwhR2n,GGDACWGGWTGAACWGTWTAYCCHCC,GTRATWGCHCCDGCTARWACWGG,1,F01,AVR_DUI_i7_006,TGATACGC,AVR_DUI_i5_006,GATAGCGA,NA,JDYG3,251,251,210219_M03633_0489_000000000-JDYG3,M03633,2021-02-19,NA,NA
JDYG3_jm007A_ext1_pcr1,jm007A_ext1_pcr1,NA,NA,Metabarcoding,Junji2,NA,NA,NA,NA,NA,NA,Junji,NA,Metabarcoding,NA,NA,NA,fwhF2-fwhR2n,GGDACWGGWTGAACWGTWTAYCCHCC,GTRATWGCHCCDGCTARWACWGG,1,G01,AVR_DUI_i7_007,TGCGTAGA,AVR_DUI_i5_007,TTGGTGAG,NA,JDYG3,251,251,210219_M03633_0489_000000000-JDYG3,M03633,2021-02-19,NA,NA
JDYG3_jm008A_ext1_pcr1,jm008A_ext1_pcr1,NA,NA,Metabarcoding,Junji2,NA,NA,NA,NA,NA,NA,Junji,NA,Metabarcoding,NA,NA,NA,fwhF2-fwhR2n,GGDACWGGWTGAACWGTWTAYCCHCC,GTRATWGCHCCDGCTARWACWGG,1,H01,AVR_DUI_i7_008,ACTCGTTG,AVR_DUI_i5_008,CACCACTA,NA,JDYG3,251,251,210219_M03633_0489_000000000-JDYG3,M03633,2021-02-19,NA,NA
JDYG3_jm009A_ext1_pcr1,jm009A_ext1_pcr1,NA,NA,Metabarcoding,Junji2,NA,NA,NA,NA,NA,NA,Junji,NA,Metabarcoding,NA,NA,NA,fwhF2-fwhR2n,GGDACWGGWTGAACWGTWTAYCCHCC,GTRATWGCHCCDGCTARWACWGG,1,A02,AVR_DUI_i7_009,ACTCTCGA,AVR_DUI_i5_009,AACCGTTC,NA,JDYG3,251,251,210219_M03633_0489_000000000-JDYG3,M03633,2021-02-19,NA,NA
JDYG3_jm010A_ext1_pcr1,jm010A_ext1_pcr1,NA,NA,Metabarcoding,Junji2,NA,NA,NA,NA,NA,NA,Junji,NA,Metabarcoding,NA,NA,NA,fwhF2-fwhR2n,GGDACWGGWTGAACWGTWTAYCCHCC,GTRATWGCHCCDGCTARWACWGG,1,B02,AVR_DUI_i7_010,TGAGCTAG,AVR_DUI_i5_010,CCGTAAGA,NA,JDYG3,251,251,210219_M03633_0489_000000000-JDYG3,M03633,2021-02-19,NA,NA
JDYG3_jm011A_ext1_pcr1,jm011A_ext1_pcr1,NA,NA,Metabarcoding,Junji2,NA,NA,NA,NA,NA,NA,Junji,NA,Metabarcoding,NA,NA,NA,fwhF2-fwhR2n,GGDACWGGWTGAACWGTWTAYCCHCC,GTRATWGCHCCDGCTARWACWGG,1,C02,AVR_DUI_i7_011,GATAGGCT,AVR_DUI_i5_011,GATTGCTC,NA,JDYG3,251,251,210219_M03633_0489_000000000-JDYG3,M03633,2021-02-19,NA,NA
JDYG3_jm012A_ext1_pcr1,jm012A_ext1_pcr1,NA,NA,Metabarcoding,Junji2,NA,NA,NA,NA,NA,NA,Junji,NA,Metabarcoding,NA,NA,NA,fwhF2-fwhR2n,GGDACWGGWTGAACWGTWTAYCCHCC,GTRATWGCHCCDGCTARWACWGG,1,D02,AVR_DUI_i7_012,TAGCCGAA,AVR_DUI_i5_012,TGAGCTAG,NA,JDYG3,251,251,210219_M03633_0489_000000000-JDYG3,M03633,2021-02-19,NA,NA
JDYG3_jm013A_ext1_pcr1,jm013A_ext1_pcr1,NA,NA,Metabarcoding,Junji2,NA,NA,NA,NA,NA,NA,Junji,NA,Metabarcoding,NA,NA,NA,fwhF2-fwhR2n,GGDACWGGWTGAACWGTWTAYCCHCC,GTRATWGCHCCDGCTARWACWGG,1,E02,AVR_DUI_i7_013,CGAGTATG,AVR_DUI_i5_013,ACTCTCGA,NA,JDYG3,251,251,210219_M03633_0489_000000000-JDYG3,M03633,2021-02-19,NA,NA
JDYG3_jm014A_ext1_pcr1,jm014A_ext1_pcr1,NA,NA,Metabarcoding,Junji2,NA,NA,NA,NA,NA,NA,Junji,NA,Metabarcoding,NA,NA,NA,fwhF2-fwhR2n,GGDACWGGWTGAACWGTWTAYCCHCC,GTRATWGCHCCDGCTARWACWGG,1,F02,AVR_DUI_i7_014,GTGTTCCT,AVR_DUI_i5_014,TTCAGGAG,NA,JDYG3,251,251,210219_M03633_0489_000000000-JDYG3,M03633,2021-02-19,NA,NA
JDYG3_jm015A_ext1_pcr1,jm015A_ext1_pcr1,NA,NA,Metabarcoding,Junji2,NA,NA,NA,NA,NA,NA,Junji,NA,Metabarcoding,NA,NA,NA,fwhF2-fwhR2n,GGDACWGGWTGAACWGTWTAYCCHCC,GTRATWGCHCCDGCTARWACWGG,1,G02,AVR_DUI_i7_015,CTCTACTC,AVR_DUI_i5_015,CTGAAGCT,NA,JDYG3,251,251,210219_M03633_0489_000000000-JDYG3,M03633,2021-02-19,NA,NA
JDYG3_jm016A_ext1_pcr1,jm016A_ext1_pcr1,NA,NA,Metabarcoding,Junji2,NA,NA,NA,NA,NA,NA,Junji,NA,Metabarcoding,NA,NA,NA,fwhF2-fwhR2n,GGDACWGGWTGAACWGTWTAYCCHCC,GTRATWGCHCCDGCTARWACWGG,1,H02,AVR_DUI_i7_016,ACCAATGC,AVR_DUI_i5_016,TGCGAACT,NA,JDYG3,251,251,210219_M03633_0489_000000000-JDYG3,M03633,2021-02-19,NA,NA
JDYG3_jm017A_ext1_pcr1,jm017A_ext1_pcr1,NA,NA,Metabarcoding,Junji2,NA,NA,NA,NA,NA,NA,Junji,NA,Metabarcoding,NA,NA,NA,fwhF2-fwhR2n,GGDACWGGWTGAACWGTWTAYCCHCC,GTRATWGCHCCDGCTARWACWGG,1,A03,AVR_DUI_i7_017,CGCATGAT,AVR_DUI_i5_017,TAACCGGT,NA,JDYG3,251,251,210219_M03633_0489_000000000-JDYG3,M03633,2021-02-19,NA,NA
JDYG3_jm018A_ext1_pcr1,jm018A_ext1_pcr1,NA,NA,Metabarcoding,Junji2,NA,NA,NA,NA,NA,NA,Junji,NA,Metabarcoding,NA,NA,NA,fwhF2-fwhR2n,GGDACWGGWTGAACWGTWTAYCCHCC,GTRATWGCHCCDGCTARWACWGG,1,B03,AVR_DUI_i7_018,GTCATCGA,AVR_DUI_i5_018,TGCTTCCA,NA,JDYG3,251,251,210219_M03633_0489_000000000-JDYG3,M03633,2021-02-19,NA,NA
JDYG3_jm019A_ext1_pcr1,jm019A_ext1_pcr1,NA,NA,Metabarcoding,Junji2,NA,NA,NA,NA,NA,NA,Junji,NA,Metabarcoding,NA,NA,NA,fwhF2-fwhR2n,GGDACWGGWTGAACWGTWTAYCCHCC,GTRATWGCHCCDGCTARWACWGG,1,C03,AVR_DUI_i7_019,TGAAGACG,AVR_DUI_i5_019,TGTGACTG,NA,JDYG3,251,251,210219_M03633_0489_000000000-JDYG3,M03633,2021-02-19,NA,NA
JDYG3_jm020A_ext1_pcr1,jm020A_ext1_pcr1,NA,NA,Metabarcoding,Junji2,NA,NA,NA,NA,NA,NA,Junji,NA,Metabarcoding,NA,NA,NA,fwhF2-fwhR2n,GGDACWGGWTGAACWGTWTAYCCHCC,GTRATWGCHCCDGCTARWACWGG,1,D03,AVR_DUI_i7_020,ACTCCATC,AVR_DUI_i5_020,GCGTCATT,NA,JDYG3,251,251,210219_M03633_0489_000000000-JDYG3,M03633,2021-02-19,NA,NA
JDYG3_jm021A_ext1_pcr1,jm021A_ext1_pcr1,NA,NA,Metabarcoding,Junji2,NA,NA,NA,NA,NA,NA,Junji,NA,Metabarcoding,NA,NA,NA,fwhF2-fwhR2n,GGDACWGGWTGAACWGTWTAYCCHCC,GTRATWGCHCCDGCTARWACWGG,1,E03,AVR_DUI_i7_021,GCTGACTA,AVR_DUI_i5_021,CTTAGGAC,NA,JDYG3,251,251,210219_M03633_0489_000000000-JDYG3,M03633,2021-02-19,NA,NA
JDYG3_jm021B_ext1_pcr1,jm021B_ext1_pcr1,NA,NA,Metabarcoding,Junji2,NA,NA,NA,NA,NA,NA,Junji,NA,Metabarcoding,NA,NA,NA,fwhF2-fwhR2n,GGDACWGGWTGAACWGTWTAYCCHCC,GTRATWGCHCCDGCTARWACWGG,1,F03,AVR_DUI_i7_022,CAGGAGAT,AVR_DUI_i5_022,ACGGAACA,NA,JDYG3,251,251,210219_M03633_0489_000000000-JDYG3,M03633,2021-02-19,NA,NA
JDYG3_jm021C_ext1_pcr1,jm021C_ext1_pcr1,NA,NA,Metabarcoding,Junji2,NA,NA,NA,NA,NA,NA,Junji,NA,Metabarcoding,NA,NA,NA,fwhF2-fwhR2n,GGDACWGGWTGAACWGTWTAYCCHCC,GTRATWGCHCCDGCTARWACWGG,1,G03,AVR_DUI_i7_023,TTAGGTCG,AVR_DUI_i5_023,AACCTTGG,NA,JDYG3,251,251,210219_M03633_0489_000000000-JDYG3,M03633,2021-02-19,NA,NA
JDYG3_jm022A_ext1_pcr1,jm022A_ext1_pcr1,NA,NA,Metabarcoding,Junji2,NA,NA,NA,NA,NA,NA,Junji,NA,Metabarcoding,NA,NA,NA,fwhF2-fwhR2n,GGDACWGGWTGAACWGTWTAYCCHCC,GTRATWGCHCCDGCTARWACWGG,1,H03,AVR_DUI_i7_024,AAGGCTGA,AVR_DUI_i5_024,CGAAGAAC,NA,JDYG3,251,251,210219_M03633_0489_000000000-JDYG3,M03633,2021-02-19,NA,NA
JDYG3_jm023A_ext1_pcr1,jm023A_ext1_pcr1,NA,NA,Metabarcoding,Junji2,NA,NA,NA,NA,NA,NA,Junji,NA,Metabarcoding,NA,NA,NA,fwhF2-fwhR2n,GGDACWGGWTGAACWGTWTAYCCHCC,GTRATWGCHCCDGCTARWACWGG,1,A04,AVR_DUI_i7_025,TTCCAAGG,AVR_DUI_i5_025,TGGTACAG,NA,JDYG3,251,251,210219_M03633_0489_000000000-JDYG3,M03633,2021-02-19,NA,NA
JDYG3_jm024A_ext1_pcr1,jm024A_ext1_pcr1,NA,NA,Metabarcoding,Junji2,NA,NA,NA,NA,NA,NA,Junji,NA,Metabarcoding,NA,NA,NA,fwhF2-fwhR2n,GGDACWGGWTGAACWGTWTAYCCHCC,GTRATWGCHCCDGCTARWACWGG,1,B04,AVR_DUI_i7_026,GCTATCCT,AVR_DUI_i5_026,AACCGAAG,NA,JDYG3,251,251,210219_M03633_0489_000000000-JDYG3,M03633,2021-02-19,NA,NA
JDYG3_jm024B_ext1_pcr1,jm024B_ext1_pcr1,NA,NA,Metabarcoding,Junji2,NA,NA,NA,NA,NA,NA,Junji,NA,Metabarcoding,NA,NA,NA,fwhF2-fwhR2n,GGDACWGGWTGAACWGTWTAYCCHCC,GTRATWGCHCCDGCTARWACWGG,1,C04,AVR_DUI_i7_027,ACAGCTCA,AVR_DUI_i5_027,GTTGACCT,NA,JDYG3,251,251,210219_M03633_0489_000000000-JDYG3,M03633,2021-02-19,NA,NA
JDYG3_jm025A_ext1_pcr1,jm025A_ext1_pcr1,NA,NA,Metabarcoding,Junji2,NA,NA,NA,NA,NA,NA,Junji,NA,Metabarcoding,NA,NA,NA,fwhF2-fwhR2n,GGDACWGGWTGAACWGTWTAYCCHCC,GTRATWGCHCCDGCTARWACWGG,1,D04,AVR_DUI_i7_028,AGTTCGTC,AVR_DUI_i5_028,GTGAAGTG,NA,JDYG3,251,251,210219_M03633_0489_000000000-JDYG3,M03633,2021-02-19,NA,NA
JDYG3_jm026A_ext1_pcr1,jm026A_ext1_pcr1,NA,NA,Metabarcoding,Junji2,NA,NA,NA,NA,NA,NA,Junji,NA,Metabarcoding,NA,NA,NA,fwhF2-fwhR2n,GGDACWGGWTGAACWGTWTAYCCHCC,GTRATWGCHCCDGCTARWACWGG,1,E04,AVR_DUI_i7_029,TGGATCAC,AVR_DUI_i5_029,TGTGGTAC,NA,JDYG3,251,251,210219_M03633_0489_000000000-JDYG3,M03633,2021-02-19,NA,NA
JDYG3_jm027A_ext1_pcr1,jm027A_ext1_pcr1,NA,NA,Metabarcoding,Junji2,NA,NA,NA,NA,NA,NA,Junji,NA,Metabarcoding,NA,NA,NA,fwhF2-fwhR2n,GGDACWGGWTGAACWGTWTAYCCHCC,GTRATWGCHCCDGCTARWACWGG,1,F04,AVR_DUI_i7_030,CACTGACA,AVR_DUI_i5_030,CACTGACA,NA,JDYG3,251,251,210219_M03633_0489_000000000-JDYG3,M03633,2021-02-19,NA,NA
JDYG3_jm028A_ext1_pcr1,jm028A_ext1_pcr1,NA,NA,Metabarcoding,Junji2,NA,NA,NA,NA,NA,NA,Junji,NA,Metabarcoding,NA,NA,NA,fwhF2-fwhR2n,GGDACWGGWTGAACWGTWTAYCCHCC,GTRATWGCHCCDGCTARWACWGG,1,G04,AVR_DUI_i7_031,CCAGTGTT,AVR_DUI_i5_031,CCGATGTA,NA,JDYG3,251,251,210219_M03633_0489_000000000-JDYG3,M03633,2021-02-19,NA,NA
JDYG3_jm028B_ext1_pcr1,jm028B_ext1_pcr1,NA,NA,Metabarcoding,Junji2,NA,NA,NA,NA,NA,NA,Junji,NA,Metabarcoding,NA,NA,NA,fwhF2-fwhR2n,GGDACWGGWTGAACWGTWTAYCCHCC,GTRATWGCHCCDGCTARWACWGG,1,H04,AVR_DUI_i7_032,GTTCATGG,AVR_DUI_i5_032,ACACCAGT,NA,JDYG3,251,251,210219_M03633_0489_000000000-JDYG3,M03633,2021-02-19,NA,NA
JDYG3_jm029A_ext1_pcr1,jm029A_ext1_pcr1,NA,NA,Metabarcoding,Junji2,NA,NA,NA,NA,NA,NA,Junji,NA,Metabarcoding,NA,NA,NA,fwhF2-fwhR2n,GGDACWGGWTGAACWGTWTAYCCHCC,GTRATWGCHCCDGCTARWACWGG,1,A05,AVR_DUI_i7_033,CTGATCGT,AVR_DUI_i5_033,GAACATCG,NA,JDYG3,251,251,210219_M03633_0489_000000000-JDYG3,M03633,2021-02-19,NA,NA
JDYG3_jm030A_ext1_pcr1,jm030A_ext1_pcr1,NA,NA,Metabarcoding,Junji2,NA,NA,NA,NA,NA,NA,Junji,NA,Metabarcoding,NA,NA,NA,fwhF2-fwhR2n,GGDACWGGWTGAACWGTWTAYCCHCC,GTRATWGCHCCDGCTARWACWGG,1,B05,AVR_DUI_i7_034,TGGCATGT,AVR_DUI_i5_034,CCTTGTAG,NA,JDYG3,251,251,210219_M03633_0489_000000000-JDYG3,M03633,2021-02-19,NA,NA
JDYG3_jm031A_ext1_pcr1,jm031A_ext1_pcr1,NA,NA,Metabarcoding,Junji2,NA,NA,NA,NA,NA,NA,Junji,NA,Metabarcoding,NA,NA,NA,fwhF2-fwhR2n,GGDACWGGWTGAACWGTWTAYCCHCC,GTRATWGCHCCDGCTARWACWGG,1,C05,AVR_DUI_i7_035,AGTGGATC,AVR_DUI_i5_035,TATCGGTC,NA,JDYG3,251,251,210219_M03633_0489_000000000-JDYG3,M03633,2021-02-19,NA,NA
JDYG3_jm031B_ext1_pcr1,jm031B_ext1_pcr1,NA,NA,Metabarcoding,Junji2,NA,NA,NA,NA,NA,NA,Junji,NA,Metabarcoding,NA,NA,NA,fwhF2-fwhR2n,GGDACWGGWTGAACWGTWTAYCCHCC,GTRATWGCHCCDGCTARWACWGG,1,D05,AVR_DUI_i7_036,TCACAGCA,AVR_DUI_i5_036,ACCACGAT,NA,JDYG3,251,251,210219_M03633_0489_000000000-JDYG3,M03633,2021-02-19,NA,NA
JDYG3_jm032A_ext1_pcr1,jm032A_ext1_pcr1,NA,NA,Metabarcoding,Junji2,NA,NA,NA,NA,NA,NA,Junji,NA,Metabarcoding,NA,NA,NA,fwhF2-fwhR2n,GGDACWGGWTGAACWGTWTAYCCHCC,GTRATWGCHCCDGCTARWACWGG,1,E05,AVR_DUI_i7_037,AATACGCG,AVR_DUI_i5_037,GTCGAAGA,NA,JDYG3,251,251,210219_M03633_0489_000000000-JDYG3,M03633,2021-02-19,NA,NA
JDYG3_jm032B_ext1_pcr1,jm032B_ext1_pcr1,NA,NA,Metabarcoding,Junji2,NA,NA,NA,NA,NA,NA,Junji,NA,Metabarcoding,NA,NA,NA,fwhF2-fwhR2n,GGDACWGGWTGAACWGTWTAYCCHCC,GTRATWGCHCCDGCTARWACWGG,1,F05,AVR_DUI_i7_038,GCATACAG,AVR_DUI_i5_038,CGACCATT,NA,JDYG3,251,251,210219_M03633_0489_000000000-JDYG3,M03633,2021-02-19,NA,NA
JDYG3_jm033A_ext1_pcr1,jm033A_ext1_pcr1,NA,NA,Metabarcoding,Junji2,NA,NA,NA,NA,NA,NA,Junji,NA,Metabarcoding,NA,NA,NA,fwhF2-fwhR2n,GGDACWGGWTGAACWGTWTAYCCHCC,GTRATWGCHCCDGCTARWACWGG,1,G05,AVR_DUI_i7_039,CAAGTGCA,AVR_DUI_i5_039,TTGGTCTC,NA,JDYG3,251,251,210219_M03633_0489_000000000-JDYG3,M03633,2021-02-19,NA,NA
JDYG3_jm034A_ext1_pcr1,jm034A_ext1_pcr1,NA,NA,Metabarcoding,Junji2,NA,NA,NA,NA,NA,NA,Junji,NA,Metabarcoding,NA,NA,NA,fwhF2-fwhR2n,GGDACWGGWTGAACWGTWTAYCCHCC,GTRATWGCHCCDGCTARWACWGG,1,H05,AVR_DUI_i7_040,GTCTGATC,AVR_DUI_i5_040,AGGTTCGA,NA,JDYG3,251,251,210219_M03633_0489_000000000-JDYG3,M03633,2021-02-19,NA,NA
JDYG3_jm035A_ext1_pcr1,jm035A_ext1_pcr1,NA,NA,Metabarcoding,Junji2,NA,NA,NA,NA,NA,NA,Junji,NA,Metabarcoding,NA,NA,NA,fwhF2-fwhR2n,GGDACWGGWTGAACWGTWTAYCCHCC,GTRATWGCHCCDGCTARWACWGG,1,A06,AVR_DUI_i7_041,GCAAGATC,AVR_DUI_i5_041,AGAACGAG,NA,JDYG3,251,251,210219_M03633_0489_000000000-JDYG3,M03633,2021-02-19,NA,NA
JDYG3_jm036A_ext1_pcr1,jm036A_ext1_pcr1,NA,NA,Metabarcoding,Junji2,NA,NA,NA,NA,NA,NA,Junji,NA,Metabarcoding,NA,NA,NA,fwhF2-fwhR2n,GGDACWGGWTGAACWGTWTAYCCHCC,GTRATWGCHCCDGCTARWACWGG,1,B06,AVR_DUI_i7_042,ACTGAGGT,AVR_DUI_i5_042,GAAGGAAG,NA,JDYG3,251,251,210219_M03633_0489_000000000-JDYG3,M03633,2021-02-19,NA,NA
JDYG3_jm037A_ext1_pcr1,jm037A_ext1_pcr1,NA,NA,Metabarcoding,Junji2,NA,NA,NA,NA,NA,NA,Junji,NA,Metabarcoding,NA,NA,NA,fwhF2-fwhR2n,GGDACWGGWTGAACWGTWTAYCCHCC,GTRATWGCHCCDGCTARWACWGG,1,C06,AVR_DUI_i7_043,GATCGAGT,AVR_DUI_i5_043,CAGTCTTC,NA,JDYG3,251,251,210219_M03633_0489_000000000-JDYG3,M03633,2021-02-19,NA,NA
JDYG3_jm038A_ext1_pcr1,jm038A_ext1_pcr1,NA,NA,Metabarcoding,Junji2,NA,NA,NA,NA,NA,NA,Junji,NA,Metabarcoding,NA,NA,NA,fwhF2-fwhR2n,GGDACWGGWTGAACWGTWTAYCCHCC,GTRATWGCHCCDGCTARWACWGG,1,D06,AVR_DUI_i7_044,TGCTTCCA,AVR_DUI_i5_044,AGTCAGGA,NA,JDYG3,251,251,210219_M03633_0489_000000000-JDYG3,M03633,2021-02-19,NA,NA
JDYG3_jm038B_ext1_pcr1,jm038B_ext1_pcr1,NA,NA,Metabarcoding,Junji2,NA,NA,NA,NA,NA,NA,Junji,NA,Metabarcoding,NA,NA,NA,fwhF2-fwhR2n,GGDACWGGWTGAACWGTWTAYCCHCC,GTRATWGCHCCDGCTARWACWGG,1,E06,AVR_DUI_i7_045,CTCATCAG,AVR_DUI_i5_045,TTCAGCCT,NA,JDYG3,251,251,210219_M03633_0489_000000000-JDYG3,M03633,2021-02-19,NA,NA
JDYG3_jm039A_ext1_pcr1,jm039A_ext1_pcr1,NA,NA,Metabarcoding,Junji2,NA,NA,NA,NA,NA,NA,Junji,NA,Metabarcoding,NA,NA,NA,fwhF2-fwhR2n,GGDACWGGWTGAACWGTWTAYCCHCC,GTRATWGCHCCDGCTARWACWGG,1,F06,AVR_DUI_i7_046,TCGTAGTC,AVR_DUI_i5_046,GCGTTCTA,NA,JDYG3,251,251,210219_M03633_0489_000000000-JDYG3,M03633,2021-02-19,NA,NA
JDYG3_jm040A_ext1_pcr1,jm040A_ext1_pcr1,NA,NA,Metabarcoding,Junji2,NA,NA,NA,NA,NA,NA,Junji,NA,Metabarcoding,NA,NA,NA,fwhF2-fwhR2n,GGDACWGGWTGAACWGTWTAYCCHCC,GTRATWGCHCCDGCTARWACWGG,1,G06,AVR_DUI_i7_047,AGGCATAG,AVR_DUI_i5_047,CTCCATGT,NA,JDYG3,251,251,210219_M03633_0489_000000000-JDYG3,M03633,2021-02-19,NA,NA
JDYG3_jm041A_ext1_pcr1,jm041A_ext1_pcr1,NA,NA,Metabarcoding,Junji2,NA,NA,NA,NA,NA,NA,Junji,NA,Metabarcoding,NA,NA,NA,fwhF2-fwhR2n,GGDACWGGWTGAACWGTWTAYCCHCC,GTRATWGCHCCDGCTARWACWGG,1,H06,AVR_DUI_i7_048,CTATCGCA,AVR_DUI_i5_048,GCTGTAAG,NA,JDYG3,251,251,210219_M03633_0489_000000000-JDYG3,M03633,2021-02-19,NA,NA
JDYG3_jm042A_ext1_pcr1,jm042A_ext1_pcr1,NA,NA,Metabarcoding,Junji2,NA,NA,NA,NA,NA,NA,Junji,NA,Metabarcoding,NA,NA,NA,fwhF2-fwhR2n,GGDACWGGWTGAACWGTWTAYCCHCC,GTRATWGCHCCDGCTARWACWGG,1,A07,AVR_DUI_i7_049,CTTGTCGA,AVR_DUI_i5_049,TCAGGCTT,NA,JDYG3,251,251,210219_M03633_0489_000000000-JDYG3,M03633,2021-02-19,NA,NA
JDYG3_jm043A_ext1_pcr1,jm043A_ext1_pcr1,NA,NA,Metabarcoding,Junji2,NA,NA,NA,NA,NA,NA,Junji,NA,Metabarcoding,NA,NA,NA,fwhF2-fwhR2n,GGDACWGGWTGAACWGTWTAYCCHCC,GTRATWGCHCCDGCTARWACWGG,1,B07,AVR_DUI_i7_050,GCACAACT,AVR_DUI_i5_050,TCTCTAGG,NA,JDYG3,251,251,210219_M03633_0489_000000000-JDYG3,M03633,2021-02-19,NA,NA
JDYG3_jm044A_ext1_pcr1,jm044A_ext1_pcr1,NA,NA,Metabarcoding,Junji2,NA,NA,NA,NA,NA,NA,Junji,NA,Metabarcoding,NA,NA,NA,fwhF2-fwhR2n,GGDACWGGWTGAACWGTWTAYCCHCC,GTRATWGCHCCDGCTARWACWGG,1,C07,AVR_DUI_i7_051,CGCTCTAT,AVR_DUI_i5_051,AGGCTTCT,NA,JDYG3,251,251,210219_M03633_0489_000000000-JDYG3,M03633,2021-02-19,NA,NA
JDYG3_jm045A_ext1_pcr1,jm045A_ext1_pcr1,NA,NA,Metabarcoding,Junji2,NA,NA,NA,NA,NA,NA,Junji,NA,Metabarcoding,NA,NA,NA,fwhF2-fwhR2n,GGDACWGGWTGAACWGTWTAYCCHCC,GTRATWGCHCCDGCTARWACWGG,1,D07,AVR_DUI_i7_052,CTCGATAC,AVR_DUI_i5_052,GTCAGTTG,NA,JDYG3,251,251,210219_M03633_0489_000000000-JDYG3,M03633,2021-02-19,NA,NA
JDYG3_jm046A_ext1_pcr1,jm046A_ext1_pcr1,NA,NA,Metabarcoding,Junji2,NA,NA,NA,NA,NA,NA,Junji,NA,Metabarcoding,NA,NA,NA,fwhF2-fwhR2n,GGDACWGGWTGAACWGTWTAYCCHCC,GTRATWGCHCCDGCTARWACWGG,1,E07,AVR_DUI_i7_053,TAGAGCTC,AVR_DUI_i5_053,CTATCGCA,NA,JDYG3,251,251,210219_M03633_0489_000000000-JDYG3,M03633,2021-02-19,NA,NA
JDYG3_jm047A_ext1_pcr1,jm047A_ext1_pcr1,NA,NA,Metabarcoding,Junji2,NA,NA,NA,NA,NA,NA,Junji,NA,Metabarcoding,NA,NA,NA,fwhF2-fwhR2n,GGDACWGGWTGAACWGTWTAYCCHCC,GTRATWGCHCCDGCTARWACWGG,1,F07,AVR_DUI_i7_054,GAGTGGTT,AVR_DUI_i5_054,CGTACGAA,NA,JDYG3,251,251,210219_M03633_0489_000000000-JDYG3,M03633,2021-02-19,NA,NA
JDYG3_jm048A_ext1_pcr1,jm048A_ext1_pcr1,NA,NA,Metabarcoding,Junji2,NA,NA,NA,NA,NA,NA,Junji,NA,Metabarcoding,NA,NA,NA,fwhF2-fwhR2n,GGDACWGGWTGAACWGTWTAYCCHCC,GTRATWGCHCCDGCTARWACWGG,1,G07,AVR_DUI_i7_055,AGCAAGCA,AVR_DUI_i5_055,GACTATGC,NA,JDYG3,251,251,210219_M03633_0489_000000000-JDYG3,M03633,2021-02-19,NA,NA
JDYG3_jm049A_ext1_pcr1,jm049A_ext1_pcr1,NA,NA,Metabarcoding,Junji2,NA,NA,NA,NA,NA,NA,Junji,NA,Metabarcoding,NA,NA,NA,fwhF2-fwhR2n,GGDACWGGWTGAACWGTWTAYCCHCC,GTRATWGCHCCDGCTARWACWGG,1,H07,AVR_DUI_i7_056,TCTCTAGG,AVR_DUI_i5_056,AAGGACAC,NA,JDYG3,251,251,210219_M03633_0489_000000000-JDYG3,M03633,2021-02-19,NA,NA
JDYG3_jm050A_ext1_pcr1,jm050A_ext1_pcr1,NA,NA,Metabarcoding,Junji2,NA,NA,NA,NA,NA,NA,Junji,NA,Metabarcoding,NA,NA,NA,fwhF2-fwhR2n,GGDACWGGWTGAACWGTWTAYCCHCC,GTRATWGCHCCDGCTARWACWGG,1,A08,AVR_DUI_i7_057,TACGCTAC,AVR_DUI_i5_057,CTTCGACT,NA,JDYG3,251,251,210219_M03633_0489_000000000-JDYG3,M03633,2021-02-19,NA,NA
JDYG3_jm051A_ext1_pcr1,jm051A_ext1_pcr1,NA,NA,Metabarcoding,Junji2,NA,NA,NA,NA,NA,NA,Junji,NA,Metabarcoding,NA,NA,NA,fwhF2-fwhR2n,GGDACWGGWTGAACWGTWTAYCCHCC,GTRATWGCHCCDGCTARWACWGG,1,B08,AVR_DUI_i7_058,CGCAATCT,AVR_DUI_i5_058,ACTAGGAG,NA,JDYG3,251,251,210219_M03633_0489_000000000-JDYG3,M03633,2021-02-19,NA,NA
JDYG3_jmctrA_ext1_pcr1,jmctrA_ext1_pcr1,NA,NA,Metabarcoding,Junji2,NA,NA,NA,NA,NA,NA,Junji,NA,Metabarcoding,NA,NA,NA,fwhF2-fwhR2n,GGDACWGGWTGAACWGTWTAYCCHCC,GTRATWGCHCCDGCTARWACWGG,1,C08,AVR_DUI_i7_059,ATGCACGA,AVR_DUI_i5_059,ACGTTCAG,NA,JDYG3,251,251,210219_M03633_0489_000000000-JDYG3,M03633,2021-02-19,NA,NA
JDYG3_jm001A_ext2_pcr1,jm001A_ext2_pcr1,NA,NA,Metabarcoding,Junji2,NA,NA,NA,NA,NA,NA,Junji,NA,Metabarcoding,NA,NA,NA,fwhF2-fwhR2n,GGDACWGGWTGAACWGTWTAYCCHCC,GTRATWGCHCCDGCTARWACWGG,2,A01,AVR_DUI_i7_097,GACGATCT,AVR_DUI_i5_097,ATGCACGA,NA,JDYG3,251,251,210219_M03633_0489_000000000-JDYG3,M03633,2021-02-19,NA,NA
JDYG3_jm002A_ext2_pcr1,jm002A_ext2_pcr1,NA,NA,Metabarcoding,Junji2,NA,NA,NA,NA,NA,NA,Junji,NA,Metabarcoding,NA,NA,NA,fwhF2-fwhR2n,GGDACWGGWTGAACWGTWTAYCCHCC,GTRATWGCHCCDGCTARWACWGG,2,B01,AVR_DUI_i7_098,ACGTTCAG,AVR_DUI_i5_098,AGAGTAGC,NA,JDYG3,251,251,210219_M03633_0489_000000000-JDYG3,M03633,2021-02-19,NA,NA
JDYG3_jm003A_ext2_pcr1,jm003A_ext2_pcr1,NA,NA,Metabarcoding,Junji2,NA,NA,NA,NA,NA,NA,Junji,NA,Metabarcoding,NA,NA,NA,fwhF2-fwhR2n,GGDACWGGWTGAACWGTWTAYCCHCC,GTRATWGCHCCDGCTARWACWGG,2,C01,AVR_DUI_i7_099,GTAGGAGT,AVR_DUI_i5_099,GAGACGAT,NA,JDYG3,251,251,210219_M03633_0489_000000000-JDYG3,M03633,2021-02-19,NA,NA
JDYG3_jm004A_ext2_pcr1,jm004A_ext2_pcr1,NA,NA,Metabarcoding,Junji2,NA,NA,NA,NA,NA,NA,Junji,NA,Metabarcoding,NA,NA,NA,fwhF2-fwhR2n,GGDACWGGWTGAACWGTWTAYCCHCC,GTRATWGCHCCDGCTARWACWGG,2,D01,AVR_DUI_i7_100,ATATGCGC,AVR_DUI_i5_100,TACGGTTG,NA,JDYG3,251,251,210219_M03633_0489_000000000-JDYG3,M03633,2021-02-19,NA,NA
JDYG3_jm005A_ext2_pcr1,jm005A_ext2_pcr1,NA,NA,Metabarcoding,Junji2,NA,NA,NA,NA,NA,NA,Junji,NA,Metabarcoding,NA,NA,NA,fwhF2-fwhR2n,GGDACWGGWTGAACWGTWTAYCCHCC,GTRATWGCHCCDGCTARWACWGG,2,E01,AVR_DUI_i7_101,CCGATGTA,AVR_DUI_i5_101,CAACCTAG,NA,JDYG3,251,251,210219_M03633_0489_000000000-JDYG3,M03633,2021-02-19,NA,NA
JDYG3_jm006A_ext2_pcr1,jm006A_ext2_pcr1,NA,NA,Metabarcoding,Junji2,NA,NA,NA,NA,NA,NA,Junji,NA,Metabarcoding,NA,NA,NA,fwhF2-fwhR2n,GGDACWGGWTGAACWGTWTAYCCHCC,GTRATWGCHCCDGCTARWACWGG,2,F01,AVR_DUI_i7_102,GATCCATG,AVR_DUI_i5_102,GCTTAGCT,NA,JDYG3,251,251,210219_M03633_0489_000000000-JDYG3,M03633,2021-02-19,NA,NA
JDYG3_jm007A_ext2_pcr1,jm007A_ext2_pcr1,NA,NA,Metabarcoding,Junji2,NA,NA,NA,NA,NA,NA,Junji,NA,Metabarcoding,NA,NA,NA,fwhF2-fwhR2n,GGDACWGGWTGAACWGTWTAYCCHCC,GTRATWGCHCCDGCTARWACWGG,2,G01,AVR_DUI_i7_103,TGCCATTC,AVR_DUI_i5_103,GTGTTCCT,NA,JDYG3,251,251,210219_M03633_0489_000000000-JDYG3,M03633,2021-02-19,NA,NA
JDYG3_jm008A_ext2_pcr1,jm008A_ext2_pcr1,NA,NA,Metabarcoding,Junji2,NA,NA,NA,NA,NA,NA,Junji,NA,Metabarcoding,NA,NA,NA,fwhF2-fwhR2n,GGDACWGGWTGAACWGTWTAYCCHCC,GTRATWGCHCCDGCTARWACWGG,2,H01,AVR_DUI_i7_104,CGTACGAA,AVR_DUI_i5_104,CTCAGCTA,NA,JDYG3,251,251,210219_M03633_0489_000000000-JDYG3,M03633,2021-02-19,NA,NA
JDYG3_jm009A_ext2_pcr1,jm009A_ext2_pcr1,NA,NA,Metabarcoding,Junji2,NA,NA,NA,NA,NA,NA,Junji,NA,Metabarcoding,NA,NA,NA,fwhF2-fwhR2n,GGDACWGGWTGAACWGTWTAYCCHCC,GTRATWGCHCCDGCTARWACWGG,2,A02,AVR_DUI_i7_105,ATCCAGAG,AVR_DUI_i5_105,ACGACTTG,NA,JDYG3,251,251,210219_M03633_0489_000000000-JDYG3,M03633,2021-02-19,NA,NA
JDYG3_jm010A_ext2_pcr1,jm010A_ext2_pcr1,NA,NA,Metabarcoding,Junji2,NA,NA,NA,NA,NA,NA,Junji,NA,Metabarcoding,NA,NA,NA,fwhF2-fwhR2n,GGDACWGGWTGAACWGTWTAYCCHCC,GTRATWGCHCCDGCTARWACWGG,2,B02,AVR_DUI_i7_106,GAATCCGA,AVR_DUI_i5_106,GTCATCGA,NA,JDYG3,251,251,210219_M03633_0489_000000000-JDYG3,M03633,2021-02-19,NA,NA
JDYG3_jm011A_ext2_pcr1,jm011A_ext2_pcr1,NA,NA,Metabarcoding,Junji2,NA,NA,NA,NA,NA,NA,Junji,NA,Metabarcoding,NA,NA,NA,fwhF2-fwhR2n,GGDACWGGWTGAACWGTWTAYCCHCC,GTRATWGCHCCDGCTARWACWGG,2,C02,AVR_DUI_i7_107,GAAGGAAG,AVR_DUI_i5_107,TGGACTCT,NA,JDYG3,251,251,210219_M03633_0489_000000000-JDYG3,M03633,2021-02-19,NA,NA
JDYG3_jm012A_ext2_pcr1,jm012A_ext2_pcr1,NA,NA,Metabarcoding,Junji2,NA,NA,NA,NA,NA,NA,Junji,NA,Metabarcoding,NA,NA,NA,fwhF2-fwhR2n,GGDACWGGWTGAACWGTWTAYCCHCC,GTRATWGCHCCDGCTARWACWGG,2,D02,AVR_DUI_i7_108,CCGTATCT,AVR_DUI_i5_108,CAGTTCTG,NA,JDYG3,251,251,210219_M03633_0489_000000000-JDYG3,M03633,2021-02-19,NA,NA
JDYG3_jm013A_ext2_pcr1,jm013A_ext2_pcr1,NA,NA,Metabarcoding,Junji2,NA,NA,NA,NA,NA,NA,Junji,NA,Metabarcoding,NA,NA,NA,fwhF2-fwhR2n,GGDACWGGWTGAACWGTWTAYCCHCC,GTRATWGCHCCDGCTARWACWGG,2,E02,AVR_DUI_i7_109,TGCAGGTA,AVR_DUI_i5_109,GTAGAGCA,NA,JDYG3,251,251,210219_M03633_0489_000000000-JDYG3,M03633,2021-02-19,NA,NA
JDYG3_jm014A_ext2_pcr1,jm014A_ext2_pcr1,NA,NA,Metabarcoding,Junji2,NA,NA,NA,NA,NA,NA,Junji,NA,Metabarcoding,NA,NA,NA,fwhF2-fwhR2n,GGDACWGGWTGAACWGTWTAYCCHCC,GTRATWGCHCCDGCTARWACWGG,2,F02,AVR_DUI_i7_110,CTTACAGC,AVR_DUI_i5_110,AGTGCAGT,NA,JDYG3,251,251,210219_M03633_0489_000000000-JDYG3,M03633,2021-02-19,NA,NA
JDYG3_jm015A_ext2_pcr1,jm015A_ext2_pcr1,NA,NA,Metabarcoding,Junji2,NA,NA,NA,NA,NA,NA,Junji,NA,Metabarcoding,NA,NA,NA,fwhF2-fwhR2n,GGDACWGGWTGAACWGTWTAYCCHCC,GTRATWGCHCCDGCTARWACWGG,2,G02,AVR_DUI_i7_111,TTGGTCTC,AVR_DUI_i5_111,CATGGAAC,NA,JDYG3,251,251,210219_M03633_0489_000000000-JDYG3,M03633,2021-02-19,NA,NA
JDYG3_jm016A_ext2_pcr1,jm016A_ext2_pcr1,NA,NA,Metabarcoding,Junji2,NA,NA,NA,NA,NA,NA,Junji,NA,Metabarcoding,NA,NA,NA,fwhF2-fwhR2n,GGDACWGGWTGAACWGTWTAYCCHCC,GTRATWGCHCCDGCTARWACWGG,2,H02,AVR_DUI_i7_112,AGGCTTCT,AVR_DUI_i5_112,TCAAGGAC,NA,JDYG3,251,251,210219_M03633_0489_000000000-JDYG3,M03633,2021-02-19,NA,NA
JDYG3_jm017A_ext2_pcr1,jm017A_ext2_pcr1,NA,NA,Metabarcoding,Junji2,NA,NA,NA,NA,NA,NA,Junji,NA,Metabarcoding,NA,NA,NA,fwhF2-fwhR2n,GGDACWGGWTGAACWGTWTAYCCHCC,GTRATWGCHCCDGCTARWACWGG,2,A03,AVR_DUI_i7_113,ACCACGAT,AVR_DUI_i5_113,TACGCCTT,NA,JDYG3,251,251,210219_M03633_0489_000000000-JDYG3,M03633,2021-02-19,NA,NA
JDYG3_jm018A_ext2_pcr1,jm018A_ext2_pcr1,NA,NA,Metabarcoding,Junji2,NA,NA,NA,NA,NA,NA,Junji,NA,Metabarcoding,NA,NA,NA,fwhF2-fwhR2n,GGDACWGGWTGAACWGTWTAYCCHCC,GTRATWGCHCCDGCTARWACWGG,2,B03,AVR_DUI_i7_114,GATTACCG,AVR_DUI_i5_114,CTTGTCGA,NA,JDYG3,251,251,210219_M03633_0489_000000000-JDYG3,M03633,2021-02-19,NA,NA
JDYG3_jm019A_ext2_pcr1,jm019A_ext2_pcr1,NA,NA,Metabarcoding,Junji2,NA,NA,NA,NA,NA,NA,Junji,NA,Metabarcoding,NA,NA,NA,fwhF2-fwhR2n,GGDACWGGWTGAACWGTWTAYCCHCC,GTRATWGCHCCDGCTARWACWGG,2,C03,AVR_DUI_i7_115,GTTGTTCG,AVR_DUI_i5_115,AGGAGGAA,NA,JDYG3,251,251,210219_M03633_0489_000000000-JDYG3,M03633,2021-02-19,NA,NA
JDYG3_jm020A_ext2_pcr1,jm020A_ext2_pcr1,NA,NA,Metabarcoding,Junji2,NA,NA,NA,NA,NA,NA,Junji,NA,Metabarcoding,NA,NA,NA,fwhF2-fwhR2n,GGDACWGGWTGAACWGTWTAYCCHCC,GTRATWGCHCCDGCTARWACWGG,2,D03,AVR_DUI_i7_116,CGACGTTA,AVR_DUI_i5_116,GTTCATGG,NA,JDYG3,251,251,210219_M03633_0489_000000000-JDYG3,M03633,2021-02-19,NA,NA
JDYG3_jm021A_ext2_pcr1,jm021A_ext2_pcr1,NA,NA,Metabarcoding,Junji2,NA,NA,NA,NA,NA,NA,Junji,NA,Metabarcoding,NA,NA,NA,fwhF2-fwhR2n,GGDACWGGWTGAACWGTWTAYCCHCC,GTRATWGCHCCDGCTARWACWGG,2,E03,AVR_DUI_i7_117,GAGCTTGT,AVR_DUI_i5_117,TCACGTTC,NA,JDYG3,251,251,210219_M03633_0489_000000000-JDYG3,M03633,2021-02-19,NA,NA
JDYG3_jm021B_ext2_pcr1,jm021B_ext2_pcr1,NA,NA,Metabarcoding,Junji2,NA,NA,NA,NA,NA,NA,Junji,NA,Metabarcoding,NA,NA,NA,fwhF2-fwhR2n,GGDACWGGWTGAACWGTWTAYCCHCC,GTRATWGCHCCDGCTARWACWGG,2,F03,AVR_DUI_i7_118,TCAAGGAC,AVR_DUI_i5_118,GACAAGAG,NA,JDYG3,251,251,210219_M03633_0489_000000000-JDYG3,M03633,2021-02-19,NA,NA
JDYG3_jm021C_ext2_pcr1,jm021C_ext2_pcr1,NA,NA,Metabarcoding,Junji2,NA,NA,NA,NA,NA,NA,Junji,NA,Metabarcoding,NA,NA,NA,fwhF2-fwhR2n,GGDACWGGWTGAACWGTWTAYCCHCC,GTRATWGCHCCDGCTARWACWGG,2,G03,AVR_DUI_i7_119,ATGGAAGG,AVR_DUI_i5_119,AGGTCACT,NA,JDYG3,251,251,210219_M03633_0489_000000000-JDYG3,M03633,2021-02-19,NA,NA
JDYG3_jm022A_ext2_pcr1,jm022A_ext2_pcr1,NA,NA,Metabarcoding,Junji2,NA,NA,NA,NA,NA,NA,Junji,NA,Metabarcoding,NA,NA,NA,fwhF2-fwhR2n,GGDACWGGWTGAACWGTWTAYCCHCC,GTRATWGCHCCDGCTARWACWGG,2,H03,AVR_DUI_i7_120,AGCTCCTA,AVR_DUI_i5_120,CGCTTAAC,NA,JDYG3,251,251,210219_M03633_0489_000000000-JDYG3,M03633,2021-02-19,NA,NA
JDYG3_jm023A_ext2_pcr1,jm023A_ext2_pcr1,NA,NA,Metabarcoding,Junji2,NA,NA,NA,NA,NA,NA,Junji,NA,Metabarcoding,NA,NA,NA,fwhF2-fwhR2n,GGDACWGGWTGAACWGTWTAYCCHCC,GTRATWGCHCCDGCTARWACWGG,2,A04,AVR_DUI_i7_121,ATCCGGTA,AVR_DUI_i5_121,CGTGTGTA,NA,JDYG3,251,251,210219_M03633_0489_000000000-JDYG3,M03633,2021-02-19,NA,NA
JDYG3_jm024A_ext2_pcr1,jm024A_ext2_pcr1,NA,NA,Metabarcoding,Junji2,NA,NA,NA,NA,NA,NA,Junji,NA,Metabarcoding,NA,NA,NA,fwhF2-fwhR2n,GGDACWGGWTGAACWGTWTAYCCHCC,GTRATWGCHCCDGCTARWACWGG,2,B04,AVR_DUI_i7_122,CTGTTGAC,AVR_DUI_i5_122,ATGACGTC,NA,JDYG3,251,251,210219_M03633_0489_000000000-JDYG3,M03633,2021-02-19,NA,NA
JDYG3_jm024B_ext2_pcr1,jm024B_ext2_pcr1,NA,NA,Metabarcoding,Junji2,NA,NA,NA,NA,NA,NA,Junji,NA,Metabarcoding,NA,NA,NA,fwhF2-fwhR2n,GGDACWGGWTGAACWGTWTAYCCHCC,GTRATWGCHCCDGCTARWACWGG,2,C04,AVR_DUI_i7_123,TCAGGCTT,AVR_DUI_i5_123,TGTGAAGC,NA,JDYG3,251,251,210219_M03633_0489_000000000-JDYG3,M03633,2021-02-19,NA,NA
JDYG3_jm025A_ext2_pcr1,jm025A_ext2_pcr1,NA,NA,Metabarcoding,Junji2,NA,NA,NA,NA,NA,NA,Junji,NA,Metabarcoding,NA,NA,NA,fwhF2-fwhR2n,GGDACWGGWTGAACWGTWTAYCCHCC,GTRATWGCHCCDGCTARWACWGG,2,D04,AVR_DUI_i7_124,TCAACTGG,AVR_DUI_i5_124,GCCAGTAT,NA,JDYG3,251,251,210219_M03633_0489_000000000-JDYG3,M03633,2021-02-19,NA,NA
JDYG3_jm026A_ext2_pcr1,jm026A_ext2_pcr1,NA,NA,Metabarcoding,Junji2,NA,NA,NA,NA,NA,NA,Junji,NA,Metabarcoding,NA,NA,NA,fwhF2-fwhR2n,GGDACWGGWTGAACWGTWTAYCCHCC,GTRATWGCHCCDGCTARWACWGG,2,E04,AVR_DUI_i7_125,CGGAATAC,AVR_DUI_i5_125,AACCTCCT,NA,JDYG3,251,251,210219_M03633_0489_000000000-JDYG3,M03633,2021-02-19,NA,NA
JDYG3_jm027A_ext2_pcr1,jm027A_ext2_pcr1,NA,NA,Metabarcoding,Junji2,NA,NA,NA,NA,NA,NA,Junji,NA,Metabarcoding,NA,NA,NA,fwhF2-fwhR2n,GGDACWGGWTGAACWGTWTAYCCHCC,GTRATWGCHCCDGCTARWACWGG,2,F04,AVR_DUI_i7_126,CTTCACCA,AVR_DUI_i5_126,GCATACAG,NA,JDYG3,251,251,210219_M03633_0489_000000000-JDYG3,M03633,2021-02-19,NA,NA
JDYG3_jm028A_ext2_pcr1,jm028A_ext2_pcr1,NA,NA,Metabarcoding,Junji2,NA,NA,NA,NA,NA,NA,Junji,NA,Metabarcoding,NA,NA,NA,fwhF2-fwhR2n,GGDACWGGWTGAACWGTWTAYCCHCC,GTRATWGCHCCDGCTARWACWGG,2,G04,AVR_DUI_i7_127,GACTTAGG,AVR_DUI_i5_127,TAACGAGG,NA,JDYG3,251,251,210219_M03633_0489_000000000-JDYG3,M03633,2021-02-19,NA,NA
JDYG3_jm028B_ext2_pcr1,jm028B_ext2_pcr1,NA,NA,Metabarcoding,Junji2,NA,NA,NA,NA,NA,NA,Junji,NA,Metabarcoding,NA,NA,NA,fwhF2-fwhR2n,GGDACWGGWTGAACWGTWTAYCCHCC,GTRATWGCHCCDGCTARWACWGG,2,H04,AVR_DUI_i7_128,GATGCACT,AVR_DUI_i5_128,CGTGATCA,NA,JDYG3,251,251,210219_M03633_0489_000000000-JDYG3,M03633,2021-02-19,NA,NA
JDYG3_jm029A_ext2_pcr1,jm029A_ext2_pcr1,NA,NA,Metabarcoding,Junji2,NA,NA,NA,NA,NA,NA,Junji,NA,Metabarcoding,NA,NA,NA,fwhF2-fwhR2n,GGDACWGGWTGAACWGTWTAYCCHCC,GTRATWGCHCCDGCTARWACWGG,2,A05,AVR_DUI_i7_129,CGTTGCAA,AVR_DUI_i5_129,GATAGGCT,NA,JDYG3,251,251,210219_M03633_0489_000000000-JDYG3,M03633,2021-02-19,NA,NA
JDYG3_jm030A_ext2_pcr1,jm030A_ext2_pcr1,NA,NA,Metabarcoding,Junji2,NA,NA,NA,NA,NA,NA,Junji,NA,Metabarcoding,NA,NA,NA,fwhF2-fwhR2n,GGDACWGGWTGAACWGTWTAYCCHCC,GTRATWGCHCCDGCTARWACWGG,2,B05,AVR_DUI_i7_130,AGCGTGTT,AVR_DUI_i5_130,AAGCACTG,NA,JDYG3,251,251,210219_M03633_0489_000000000-JDYG3,M03633,2021-02-19,NA,NA
JDYG3_jm031A_ext2_pcr1,jm031A_ext2_pcr1,NA,NA,Metabarcoding,Junji2,NA,NA,NA,NA,NA,NA,Junji,NA,Metabarcoding,NA,NA,NA,fwhF2-fwhR2n,GGDACWGGWTGAACWGTWTAYCCHCC,GTRATWGCHCCDGCTARWACWGG,2,C05,AVR_DUI_i7_131,TAACCGGT,AVR_DUI_i5_131,GTCGGTAA,NA,JDYG3,251,251,210219_M03633_0489_000000000-JDYG3,M03633,2021-02-19,NA,NA
JDYG3_jm031B_ext2_pcr1,jm031B_ext2_pcr1,NA,NA,Metabarcoding,Junji2,NA,NA,NA,NA,NA,NA,Junji,NA,Metabarcoding,NA,NA,NA,fwhF2-fwhR2n,GGDACWGGWTGAACWGTWTAYCCHCC,GTRATWGCHCCDGCTARWACWGG,2,D05,AVR_DUI_i7_132,GTGCTTAC,AVR_DUI_i5_132,ACGATGAC,NA,JDYG3,251,251,210219_M03633_0489_000000000-JDYG3,M03633,2021-02-19,NA,NA
JDYG3_jm032A_ext2_pcr1,jm032A_ext2_pcr1,NA,NA,Metabarcoding,Junji2,NA,NA,NA,NA,NA,NA,Junji,NA,Metabarcoding,NA,NA,NA,fwhF2-fwhR2n,GGDACWGGWTGAACWGTWTAYCCHCC,GTRATWGCHCCDGCTARWACWGG,2,E05,AVR_DUI_i7_133,GTAGCATC,AVR_DUI_i5_133,TCTGCTCT,NA,JDYG3,251,251,210219_M03633_0489_000000000-JDYG3,M03633,2021-02-19,NA,NA
JDYG3_jm032B_ext2_pcr1,jm032B_ext2_pcr1,NA,NA,Metabarcoding,Junji2,NA,NA,NA,NA,NA,NA,Junji,NA,Metabarcoding,NA,NA,NA,fwhF2-fwhR2n,GGDACWGGWTGAACWGTWTAYCCHCC,GTRATWGCHCCDGCTARWACWGG,2,F05,AVR_DUI_i7_134,TCTCGCAA,AVR_DUI_i5_134,CGAGTATG,NA,JDYG3,251,251,210219_M03633_0489_000000000-JDYG3,M03633,2021-02-19,NA,NA
JDYG3_jm033A_ext2_pcr1,jm033A_ext2_pcr1,NA,NA,Metabarcoding,Junji2,NA,NA,NA,NA,NA,NA,Junji,NA,Metabarcoding,NA,NA,NA,fwhF2-fwhR2n,GGDACWGGWTGAACWGTWTAYCCHCC,GTRATWGCHCCDGCTARWACWGG,2,G05,AVR_DUI_i7_135,ACCTAAGG,AVR_DUI_i5_135,TGATACGC,NA,JDYG3,251,251,210219_M03633_0489_000000000-JDYG3,M03633,2021-02-19,NA,NA
JDYG3_jm034A_ext2_pcr1,jm034A_ext2_pcr1,NA,NA,Metabarcoding,Junji2,NA,NA,NA,NA,NA,NA,Junji,NA,Metabarcoding,NA,NA,NA,fwhF2-fwhR2n,GGDACWGGWTGAACWGTWTAYCCHCC,GTRATWGCHCCDGCTARWACWGG,2,H05,AVR_DUI_i7_136,CAGAATCG,AVR_DUI_i5_136,CTCCTAGA,NA,JDYG3,251,251,210219_M03633_0489_000000000-JDYG3,M03633,2021-02-19,NA,NA
JDYG3_jm035A_ext2_pcr1,jm035A_ext2_pcr1,NA,NA,Metabarcoding,Junji2,NA,NA,NA,NA,NA,NA,Junji,NA,Metabarcoding,NA,NA,NA,fwhF2-fwhR2n,GGDACWGGWTGAACWGTWTAYCCHCC,GTRATWGCHCCDGCTARWACWGG,2,A06,AVR_DUI_i7_137,GTGCCATA,AVR_DUI_i5_137,CACTAGCT,NA,JDYG3,251,251,210219_M03633_0489_000000000-JDYG3,M03633,2021-02-19,NA,NA
JDYG3_jm036A_ext2_pcr1,jm036A_ext2_pcr1,NA,NA,Metabarcoding,Junji2,NA,NA,NA,NA,NA,NA,Junji,NA,Metabarcoding,NA,NA,NA,fwhF2-fwhR2n,GGDACWGGWTGAACWGTWTAYCCHCC,GTRATWGCHCCDGCTARWACWGG,2,B06,AVR_DUI_i7_138,CAACGGAT,AVR_DUI_i5_138,GATGTGTG,NA,JDYG3,251,251,210219_M03633_0489_000000000-JDYG3,M03633,2021-02-19,NA,NA
JDYG3_jm037A_ext2_pcr1,jm037A_ext2_pcr1,NA,NA,Metabarcoding,Junji2,NA,NA,NA,NA,NA,NA,Junji,NA,Metabarcoding,NA,NA,NA,fwhF2-fwhR2n,GGDACWGGWTGAACWGTWTAYCCHCC,GTRATWGCHCCDGCTARWACWGG,2,C06,AVR_DUI_i7_139,TCCAATCG,AVR_DUI_i5_139,GTGCCATA,NA,JDYG3,251,251,210219_M03633_0489_000000000-JDYG3,M03633,2021-02-19,NA,NA
JDYG3_jm038A_ext2_pcr1,jm038A_ext2_pcr1,NA,NA,Metabarcoding,Junji2,NA,NA,NA,NA,NA,NA,Junji,NA,Metabarcoding,NA,NA,NA,fwhF2-fwhR2n,GGDACWGGWTGAACWGTWTAYCCHCC,GTRATWGCHCCDGCTARWACWGG,2,D06,AVR_DUI_i7_140,GTTGCGAT,AVR_DUI_i5_140,TGAGGTGT,NA,JDYG3,251,251,210219_M03633_0489_000000000-JDYG3,M03633,2021-02-19,NA,NA
JDYG3_jm038B_ext2_pcr1,jm038B_ext2_pcr1,NA,NA,Metabarcoding,Junji2,NA,NA,NA,NA,NA,NA,Junji,NA,Metabarcoding,NA,NA,NA,fwhF2-fwhR2n,GGDACWGGWTGAACWGTWTAYCCHCC,GTRATWGCHCCDGCTARWACWGG,2,E06,AVR_DUI_i7_141,CAAGGTCT,AVR_DUI_i5_141,CTCAGAGT,NA,JDYG3,251,251,210219_M03633_0489_000000000-JDYG3,M03633,2021-02-19,NA,NA
JDYG3_jm039A_ext2_pcr1,jm039A_ext2_pcr1,NA,NA,Metabarcoding,Junji2,NA,NA,NA,NA,NA,NA,Junji,NA,Metabarcoding,NA,NA,NA,fwhF2-fwhR2n,GGDACWGGWTGAACWGTWTAYCCHCC,GTRATWGCHCCDGCTARWACWGG,2,F06,AVR_DUI_i7_142,ACCATGTG,AVR_DUI_i5_142,ACCATCCA,NA,JDYG3,251,251,210219_M03633_0489_000000000-JDYG3,M03633,2021-02-19,NA,NA
JDYG3_jm040A_ext2_pcr1,jm040A_ext2_pcr1,NA,NA,Metabarcoding,Junji2,NA,NA,NA,NA,NA,NA,Junji,NA,Metabarcoding,NA,NA,NA,fwhF2-fwhR2n,GGDACWGGWTGAACWGTWTAYCCHCC,GTRATWGCHCCDGCTARWACWGG,2,G06,AVR_DUI_i7_143,AGGTTCGA,AVR_DUI_i5_143,TCGTCTCA,NA,JDYG3,251,251,210219_M03633_0489_000000000-JDYG3,M03633,2021-02-19,NA,NA
JDYG3_jm041A_ext2_pcr1,jm041A_ext2_pcr1,NA,NA,Metabarcoding,Junji2,NA,NA,NA,NA,NA,NA,Junji,NA,Metabarcoding,NA,NA,NA,fwhF2-fwhR2n,GGDACWGGWTGAACWGTWTAYCCHCC,GTRATWGCHCCDGCTARWACWGG,2,H06,AVR_DUI_i7_144,TGTGAAGC,AVR_DUI_i5_144,AGTCTCAC,NA,JDYG3,251,251,210219_M03633_0489_000000000-JDYG3,M03633,2021-02-19,NA,NA
JDYG3_jm042A_ext2_pcr1,jm042A_ext2_pcr1,NA,NA,Metabarcoding,Junji2,NA,NA,NA,NA,NA,NA,Junji,NA,Metabarcoding,NA,NA,NA,fwhF2-fwhR2n,GGDACWGGWTGAACWGTWTAYCCHCC,GTRATWGCHCCDGCTARWACWGG,2,A07,AVR_DUI_i7_145,GTCGAAGA,AVR_DUI_i5_145,TTGCAGAC,NA,JDYG3,251,251,210219_M03633_0489_000000000-JDYG3,M03633,2021-02-19,NA,NA
JDYG3_jm043A_ext2_pcr1,jm043A_ext2_pcr1,NA,NA,Metabarcoding,Junji2,NA,NA,NA,NA,NA,NA,Junji,NA,Metabarcoding,NA,NA,NA,fwhF2-fwhR2n,GGDACWGGWTGAACWGTWTAYCCHCC,GTRATWGCHCCDGCTARWACWGG,2,B07,AVR_DUI_i7_146,AGCACTTC,AVR_DUI_i5_146,CATGGCTA,NA,JDYG3,251,251,210219_M03633_0489_000000000-JDYG3,M03633,2021-02-19,NA,NA
JDYG3_jm044A_ext2_pcr1,jm044A_ext2_pcr1,NA,NA,Metabarcoding,Junji2,NA,NA,NA,NA,NA,NA,Junji,NA,Metabarcoding,NA,NA,NA,fwhF2-fwhR2n,GGDACWGGWTGAACWGTWTAYCCHCC,GTRATWGCHCCDGCTARWACWGG,2,C07,AVR_DUI_i7_147,ACTAGGAG,AVR_DUI_i5_147,ACATTGCG,NA,JDYG3,251,251,210219_M03633_0489_000000000-JDYG3,M03633,2021-02-19,NA,NA
JDYG3_jm045A_ext2_pcr1,jm045A_ext2_pcr1,NA,NA,Metabarcoding,Junji2,NA,NA,NA,NA,NA,NA,Junji,NA,Metabarcoding,NA,NA,NA,fwhF2-fwhR2n,GGDACWGGWTGAACWGTWTAYCCHCC,GTRATWGCHCCDGCTARWACWGG,2,D07,AVR_DUI_i7_148,CGGTCATA,AVR_DUI_i5_148,CTCATTGC,NA,JDYG3,251,251,210219_M03633_0489_000000000-JDYG3,M03633,2021-02-19,NA,NA
JDYG3_jm046A_ext2_pcr1,jm046A_ext2_pcr1,NA,NA,Metabarcoding,Junji2,NA,NA,NA,NA,NA,NA,Junji,NA,Metabarcoding,NA,NA,NA,fwhF2-fwhR2n,GGDACWGGWTGAACWGTWTAYCCHCC,GTRATWGCHCCDGCTARWACWGG,2,E07,AVR_DUI_i7_149,GCAATTCG,AVR_DUI_i5_149,GAGGACTT,NA,JDYG3,251,251,210219_M03633_0489_000000000-JDYG3,M03633,2021-02-19,NA,NA
JDYG3_jm047A_ext2_pcr1,jm047A_ext2_pcr1,NA,NA,Metabarcoding,Junji2,NA,NA,NA,NA,NA,NA,Junji,NA,Metabarcoding,NA,NA,NA,fwhF2-fwhR2n,GGDACWGGWTGAACWGTWTAYCCHCC,GTRATWGCHCCDGCTARWACWGG,2,F07,AVR_DUI_i7_150,CTAGGCAT,AVR_DUI_i5_150,CTAACTCG,NA,JDYG3,251,251,210219_M03633_0489_000000000-JDYG3,M03633,2021-02-19,NA,NA
JDYG3_jm048A_ext2_pcr1,jm048A_ext2_pcr1,NA,NA,Metabarcoding,Junji2,NA,NA,NA,NA,NA,NA,Junji,NA,Metabarcoding,NA,NA,NA,fwhF2-fwhR2n,GGDACWGGWTGAACWGTWTAYCCHCC,GTRATWGCHCCDGCTARWACWGG,2,G07,AVR_DUI_i7_151,TCTAACGC,AVR_DUI_i5_151,TGTCCAGA,NA,JDYG3,251,251,210219_M03633_0489_000000000-JDYG3,M03633,2021-02-19,NA,NA
JDYG3_jm049A_ext2_pcr1,jm049A_ext2_pcr1,NA,NA,Metabarcoding,Junji2,NA,NA,NA,NA,NA,NA,Junji,NA,Metabarcoding,NA,NA,NA,fwhF2-fwhR2n,GGDACWGGWTGAACWGTWTAYCCHCC,GTRATWGCHCCDGCTARWACWGG,2,H07,AVR_DUI_i7_152,TAGTTGCG,AVR_DUI_i5_152,ACCTGACT,NA,JDYG3,251,251,210219_M03633_0489_000000000-JDYG3,M03633,2021-02-19,NA,NA
JDYG3_jm050A_ext2_pcr1,jm050A_ext2_pcr1,NA,NA,Metabarcoding,Junji2,NA,NA,NA,NA,NA,NA,Junji,NA,Metabarcoding,NA,NA,NA,fwhF2-fwhR2n,GGDACWGGWTGAACWGTWTAYCCHCC,GTRATWGCHCCDGCTARWACWGG,2,A08,AVR_DUI_i7_153,GAGCAGTA,AVR_DUI_i5_153,GTAGGAGT,NA,JDYG3,251,251,210219_M03633_0489_000000000-JDYG3,M03633,2021-02-19,NA,NA
JDYG3_jm051A_ext2_pcr1,jm051A_ext2_pcr1,NA,NA,Metabarcoding,Junji2,NA,NA,NA,NA,NA,NA,Junji,NA,Metabarcoding,NA,NA,NA,fwhF2-fwhR2n,GGDACWGGWTGAACWGTWTAYCCHCC,GTRATWGCHCCDGCTARWACWGG,2,B08,AVR_DUI_i7_154,TTGCGAAG,AVR_DUI_i5_154,AACGTCTG,NA,JDYG3,251,251,210219_M03633_0489_000000000-JDYG3,M03633,2021-02-19,NA,NA
JDYG3_jmctrA_ext2_pcr1,jmctrA_ext2_pcr1,NA,NA,Metabarcoding,Junji2,NA,NA,NA,NA,NA,NA,Junji,NA,Metabarcoding,NA,NA,NA,fwhF2-fwhR2n,GGDACWGGWTGAACWGTWTAYCCHCC,GTRATWGCHCCDGCTARWACWGG,2,C08,AVR_DUI_i7_155,GCCTATCA,AVR_DUI_i5_155,GTTACGCA,NA,JDYG3,251,251,210219_M03633_0489_000000000-JDYG3,M03633,2021-02-19,NA,NA
